player_feb_id,player_name,cluster,cluster_name
1002585,J. VARO BARBANCHO,4,Jugadors Exteriors
1042047,E. SUAREZ REIZABAL,4,Jugadors Exteriors
1042406,Á. MARTÍN DE SOTO MORENO,2,Bases Creadors/Anotadors
1047970,D. SUKA-UMU MARTIN,4,Jugadors Exteriors
1049503,F. SERRA DE MUNTER,0,Role Players Limitats
1051598,X. GUIA HORMIGON,0,Role Players Limitats
1065612,E. MAÑES CARRETERO,2,Bases Creadors/Anotadors
1068988,M. MAÑES CARRETERO,2,Bases Creadors/Anotadors
1072122,R. DIAZ SANCHEZ,4,Jugadors Exteriors
1074113,J. GALVE NAVARRO,4,Jugadors Exteriors
1074329,C. MARZO CHECA,4,Jugadors Exteriors
1075720,M. RAVENTOS FERRES,4,Jugadors Exteriors
1078303,A. SEARA RODRIGUEZ,2,Bases Creadors/Anotadors
1080212,H. RUEDA RIOS,4,Jugadors Exteriors
1081241,E. TEJERO CASASAYAS,2,Bases Creadors/Anotadors
1082289,J. HERNANDEZ GIMENEZ,2,Bases Creadors/Anotadors
1083428,C. CAÑELLAS FRADE,0,Role Players Limitats
1083484,J. SERRA CASTILLO,4,Jugadors Exteriors
1086078,L. SABATER PORTOLES,4,Jugadors Exteriors
1086144,A. GOMEZ-ARRONES MORGADO,2,Bases Creadors/Anotadors
1086145,A. GOMEZ-ARRONES MORGADO,4,Jugadors Exteriors
1086406,M. RAMOS RODRÍGUEZ,2,Bases Creadors/Anotadors
1086438,M. MORA LOPEZ,4,Jugadors Exteriors
1091138,F. COTAN MOYA,4,Jugadors Exteriors
1097402,D. ROURE OBIOLS,4,Jugadors Exteriors
1111972,G. NIVAR GARCÍA,1,Jugadors Interiors
1112614,J. DE BENITO FERREIRO,4,Jugadors Exteriors
1114475,S. MARCO COLL,4,Jugadors Exteriors
1114796,A. GOMEZ LOPEZ,1,Jugadors Interiors
1115996,A. PUJADAS TARRADELLAS,0,Role Players Limitats
1116272,M. MARMOL MOLINA,4,Jugadors Exteriors
1120000,D. BUSTO VERANO,4,Jugadors Exteriors
1131430,M. GONZALEZ-MONJE PEREZ,1,Jugadors Interiors
1144597,S. MARTINEZ FERNANDEZ,3,Pivots Interiors
1152310,S. VIDAL BALDOVI,2,Bases Creadors/Anotadors
1154915,C. HOMS LORENZO,3,Pivots Interiors
1172452,D. DOMÍNGUEZ PORTAS,0,Role Players Limitats
1173862,A. MATEOS PEÑA,0,Role Players Limitats
1175588,C. IGLESIAS GONZALEZ,4,Jugadors Exteriors
1176574,R. WOLKOWYSKI,1,Jugadors Interiors
1181015,J. BALLESTA VIÑAS,4,Jugadors Exteriors
1202565,A. CALLE GARITAONANDIA,4,Jugadors Exteriors
1208235,M. SERVER PASCUAL,4,Jugadors Exteriors
1208481,P. SANCHEZ LUBIAN,4,Jugadors Exteriors
1208733,J. ORTOLA TOMAS,1,Jugadors Interiors
1223461,J. TEJERA TEJO,3,Pivots Interiors
1224355,E. GOMEZ FERNANDEZ,1,Jugadors Interiors
1231905,D. FOX ESMERIAN,4,Jugadors Exteriors
1232367,A. EGUSKITZA AGINALDE,1,Jugadors Interiors
1232891,A. CARRERA LAUZURICA,4,Jugadors Exteriors
1234941,A. CASTILLO EDIO,2,Bases Creadors/Anotadors
1242479,J. MORALES ZARCO,3,Pivots Interiors
124618,M. BUESA AZURMENDI,2,Bases Creadors/Anotadors
1246715,C. POYATOS PARRA,3,Pivots Interiors
1246724,J. MEDORI MORALES,3,Pivots Interiors
1252075,B. AREVALO SAENZ,3,Pivots Interiors
1258079,A. SAVITSKI SAVITSKAIA,3,Pivots Interiors
1258490,L. MORENO MORALES,4,Jugadors Exteriors
1259735,C. AÑON DOSIL,1,Jugadors Interiors
1263340,A. MENDEZ CARRION,2,Bases Creadors/Anotadors
1265390,N. URIZ ANCIZU,4,Jugadors Exteriors
1265941,J. REY SANCHEZ,0,Role Players Limitats
1266493,S. FUENTES ZURBANO,0,Role Players Limitats
1272052,A. ALAMINOS BAÑOS,4,Jugadors Exteriors
1277575,C. FONS TEIXIDO,2,Bases Creadors/Anotadors
1282462,P. CARVAJAL LIEVANA,1,Jugadors Interiors
1283455,S. DOMINGUEZ SANTOS,1,Jugadors Interiors
1284866,D. FERNANDEZ MUNKHOLM,1,Jugadors Interiors
1285869,M. PAGES SAUQUE,4,Jugadors Exteriors
1286333,A. VAZQUEZ GARCIA,3,Pivots Interiors
1286846,J. PINAZO MORALES,4,Jugadors Exteriors
129463,S. CABALLERO CARPIO,1,Jugadors Interiors
1301762,A. CAMINO BLANCO,4,Jugadors Exteriors
1303490,R. SANTOS SOLERNOU,3,Pivots Interiors
1314145,E. ANDRES CAMPOS,4,Jugadors Exteriors
1317888,L. MAYAYO RUIZ,0,Role Players Limitats
1321562,A. REYES ABAD,4,Jugadors Exteriors
1322137,E. BARRASA MARQUET,0,Role Players Limitats
1328788,M. ALVAREZ PUERTAS,2,Bases Creadors/Anotadors
1357376,A. VALDERRAMA VIDAL ,2,Bases Creadors/Anotadors
1358580,J. MUÑOZ LEIVA,3,Pivots Interiors
1361312,L. GIMENO CORTELL,0,Role Players Limitats
1361531,D. TOKAEV TOKAEV ,3,Pivots Interiors
1361658,J. MATEO LAZARO,3,Pivots Interiors
1363234,R. RAMOS SAN SEBASTIAN,4,Jugadors Exteriors
1365378,J. IVARS MUNERA,4,Jugadors Exteriors
1368281,L. RUEDA SANTAELLA,4,Jugadors Exteriors
1371338,A. HERNÁNDEZ HERNÁNDEZ,0,Role Players Limitats
1372294,O. ACOSTA HERNÁNDEZ,1,Jugadors Interiors
1372587,E. GONZALEZ CAMEJO,2,Bases Creadors/Anotadors
1373253,R. HERNÁNDEZ CHÁVEZ,3,Pivots Interiors
1373504,E. PERDOMO MARTÍNEZ,2,Bases Creadors/Anotadors
1376026,J. RAMOS RODRIGUEZ,3,Pivots Interiors
1377331,A. MAYOR MARTIN,4,Jugadors Exteriors
1382466,I. GONZALEZ GOMEZ,4,Jugadors Exteriors
1388285,A. REAL LOPEZ,2,Bases Creadors/Anotadors
1390560,D. YUSTE MALO,4,Jugadors Exteriors
1391138,R. REY ARTIGAS,3,Pivots Interiors
1391889,P. COBO DIAZ,1,Jugadors Interiors
1392975,J. RODRIGUEZ -  GUERRA SALGUEIRO,3,Pivots Interiors
1393112,A. SANCHEZ RODRIGUEZ,2,Bases Creadors/Anotadors
1393320,I. BELVER EDO,3,Pivots Interiors
1393509,F. VIDAL PATIÑO,2,Bases Creadors/Anotadors
1393813,X. ASSALIT GARCÍA,2,Bases Creadors/Anotadors
1394220,M. COSTA RABANEDA,4,Jugadors Exteriors
1399059,M. DUCH CABEZAS,4,Jugadors Exteriors
1399197,V. ESPAÑOL BERENGUER,0,Role Players Limitats
1400270,B. ALVAREZ TORRES,2,Bases Creadors/Anotadors
1402479,M. MANYOSES ROCA,1,Jugadors Interiors
1403132,O. BESORA TOMAS,2,Bases Creadors/Anotadors
1405284,N. BARREIRO BUCETA,4,Jugadors Exteriors
1405682,B. GAGO GÓMEZ,4,Jugadors Exteriors
1406663,I. LOSADA FIGUEROA,4,Jugadors Exteriors
1406668,I. BESADA SAAVEDRA,2,Bases Creadors/Anotadors
1431364,R. PEREZ AGUILERA,4,Jugadors Exteriors
1432491,A. BIERSACK LOPEZ,3,Pivots Interiors
1433512,J. FALCON RAMOS,0,Role Players Limitats
1437007,E. NAVARRO GARCIA,4,Jugadors Exteriors
1437092,D. SERRANO CID,1,Jugadors Interiors
1438093,D. ESPADIÑA CORCHERO,4,Jugadors Exteriors
1440501,J. REMESAL LEÓN,2,Bases Creadors/Anotadors
1440768,A. CARDITO MARTIN,4,Jugadors Exteriors
1442514,G. LOPEZ BLAZQUEZ,1,Jugadors Interiors
1443272,H. CANO LOU,3,Pivots Interiors
1443310,R. PEREZ ARTEAGA,2,Bases Creadors/Anotadors
1451287,F. COBOS GRACIA,1,Jugadors Interiors
1451682,D. PARDOS BERNAD,4,Jugadors Exteriors
1451952,A. CALERO CORISH,1,Jugadors Interiors
1456518,G. RODRIGUEZ LUQUE,2,Bases Creadors/Anotadors
1457431,A. AGUADO BASSO,4,Jugadors Exteriors
1458431,S. LLUFRIU ARCOS,4,Jugadors Exteriors
1458817,V. ALIJARDE VICENTE,1,Jugadors Interiors
1459664,D. GARCIA TEIJEIRO,1,Jugadors Interiors
1462027,S. IGLESIAS LOPEZ,1,Jugadors Interiors
1462697,A. PEDROS BLASCO,4,Jugadors Exteriors
1466580,C. JIMENO SANCHEZ,4,Jugadors Exteriors
1467213,J. ARANDA RUBIO,2,Bases Creadors/Anotadors
1467686,M. AROCA RUBIO ,2,Bases Creadors/Anotadors
1469117,A. SOTO CAPARROS,3,Pivots Interiors
1471604,A. CASTRO SAEZ,4,Jugadors Exteriors
1477161,M. SELLARÈS GIRALT,1,Jugadors Interiors
1478516,D. MARTIN MACEIRA,2,Bases Creadors/Anotadors
1478746,R. GOMEZ DE LA RIVA,3,Pivots Interiors
1483199,D. TUGORES SOTO,2,Bases Creadors/Anotadors
1485515,C. SINTES DIAZ,2,Bases Creadors/Anotadors
1487941,M. ALIAGA CHECA,3,Pivots Interiors
1488647,P. CAMPAÑA SOLER,2,Bases Creadors/Anotadors
1489675,B. MARTI CAPELLA,1,Jugadors Interiors
1491419,M. SALMERON SEGU,1,Jugadors Interiors
1499350,J. GARCIA CORBI,4,Jugadors Exteriors
1501246,J. MARTINEZ MUÑOZ,4,Jugadors Exteriors
1504770,S. HERNANDEZ BENACHES,4,Jugadors Exteriors
1504969,V. SANTAMATILDE PERIS,0,Role Players Limitats
1508383,A. KLEINJAN RODRIGUEZ,2,Bases Creadors/Anotadors
1508765,I. DE LA IGLESIA SANTAMARIA,4,Jugadors Exteriors
1509827,M. BALANZATEGUI GUTIERREZ,4,Jugadors Exteriors
1509828,I. BARBERO LOPEZ,1,Jugadors Interiors
1509840,A. FORTES SILVA,3,Pivots Interiors
1511351,F. SERRANO RUBIO,1,Jugadors Interiors
1514222,A. TORRES MUNICIO,2,Bases Creadors/Anotadors
1514342,R. MARTÍNEZ-QUINTANILLA JIMÉNEZ,2,Bases Creadors/Anotadors
1514917,A. GOMEZ LLANES,2,Bases Creadors/Anotadors
1515390,C. MARTOS INFANTES,4,Jugadors Exteriors
1515543,D. TOLOSA OROPESA,4,Jugadors Exteriors
1516361,A. BERNAL DE AYALA,2,Bases Creadors/Anotadors
1516732,L. SANCHEZ MORENO,4,Jugadors Exteriors
1516866,P. SANCHEZ RODRIGUEZ,3,Pivots Interiors
1518708,R. FERNANDEZ FERNANDEZ,4,Jugadors Exteriors
1518825,J. RAMOS ANGULO,4,Jugadors Exteriors
1519988,R. DEUS VERA,1,Jugadors Interiors
1520406,J. CARBU RODRIGUEZ,1,Jugadors Interiors
1521184,S. BARROS GARCIA,2,Bases Creadors/Anotadors
1521204,D. PEREZ POLO,0,Role Players Limitats
1521307,L. MARTINEZ YRANZO,2,Bases Creadors/Anotadors
1524167,J. LOPEZ MUÑOZ,1,Jugadors Interiors
1525763,R. PEREA GONZALEZ,4,Jugadors Exteriors
1526980,D. CABRERA GUEDES,1,Jugadors Interiors
1527342,A. ARTILES AGUILAR,2,Bases Creadors/Anotadors
1527935,Á. LLAMAS JIMENEZ,2,Bases Creadors/Anotadors
1530932,P. YARNOZ LUMBRERAS,3,Pivots Interiors
1531731,J. MARTIN GONZALEZ,1,Jugadors Interiors
1534544,K. RIVEROL DE LAS CASAS,4,Jugadors Exteriors
1539237,D. CABRERA CABRERA,1,Jugadors Interiors
1539276,P. PERDOMO MARTÍNEZ,3,Pivots Interiors
1539646,S. SERRATACO SANCHEZ,3,Pivots Interiors
1541184,J. PORTUGUES GARCÍA,4,Jugadors Exteriors
1541860,P. URGEL YAGÜE,4,Jugadors Exteriors
1543937,J. SALINAS INFANTE,2,Bases Creadors/Anotadors
1554724,M. NINOT PEDROSA,4,Jugadors Exteriors
1556128,G. COLOM BARRUFET,4,Jugadors Exteriors
1556177,O. NGOMO MIFUMU,1,Jugadors Interiors
1556962,J. NAVALLAS MOLINOS,4,Jugadors Exteriors
1559338,J. LLAGOSTERA ALBO,4,Jugadors Exteriors
1559778,A. NAVARRO GARCIA,3,Pivots Interiors
1561324,V. CHERNODOLIA SANZ,4,Jugadors Exteriors
1562022,J. GARCIA ORTEGA,0,Role Players Limitats
1568401,R. PEREIRA FERNANDES,4,Jugadors Exteriors
1569128,D. VIDAL TEIXIDOR,2,Bases Creadors/Anotadors
1572066,M. BENITO MULLERAT,1,Jugadors Interiors
1575589,S. QUINTANA CALVENTE,2,Bases Creadors/Anotadors
1576902,A. CODERCH PORRAS,4,Jugadors Exteriors
1577477,S. GOMEZ VELEZ,4,Jugadors Exteriors
1577596,R. VERANO FORES,4,Jugadors Exteriors
1580640,M. ZAMORA GOMEZ,2,Bases Creadors/Anotadors
1581674,D. MANZANERO CAMACHO,3,Pivots Interiors
1582089,J. PARRA BAEZ,4,Jugadors Exteriors
1583003,D. GUAITA MACHADO,4,Jugadors Exteriors
1583430,J. LACUNZA ABECIA,2,Bases Creadors/Anotadors
1585590,P. IBÁÑEZ FIDALGO,2,Bases Creadors/Anotadors
1587138,G. GONZALEZ GARCIA,4,Jugadors Exteriors
1587611,I. IBAÑEZ ZAMALLOA,2,Bases Creadors/Anotadors
1589432,G. LARDIES GUILLEN,3,Pivots Interiors
1589434,R. LARDIES GUILLEN,2,Bases Creadors/Anotadors
1589828,D. SARRIAS SANCHEZ,3,Pivots Interiors
1590086,P. LOZANO CID,0,Role Players Limitats
1590474,G. KASANZI OBAMA,2,Bases Creadors/Anotadors
1591966,J. CASTILLO CARRASCO,4,Jugadors Exteriors
1592879,J. MUÑOZ MENDOZA,1,Jugadors Interiors
1594519,I. DIMITROV KOLEV,1,Jugadors Interiors
1594621,G. LEBRON RAMIREZ,3,Pivots Interiors
1595217,J. PARRONDO CASTRO,3,Pivots Interiors
1595746,M. PACHECO CASTILLO,3,Pivots Interiors
1595802,A. MORENO TORRES,4,Jugadors Exteriors
1595850,G. YEPES CALERO,0,Role Players Limitats
1596006,D. CONTRERAS MARTINEZ,2,Bases Creadors/Anotadors
1596008,D. GARCIA CARRERA,2,Bases Creadors/Anotadors
1596142,M. ORTEGA CARO,4,Jugadors Exteriors
1597130,A. DIAZ ROLLANO,4,Jugadors Exteriors
1597254,F. RISTORI RUIZ SERRANO,3,Pivots Interiors
1597674,A. FILGUEIRA BUCETA,1,Jugadors Interiors
1599681,M. AGUILO RODRIGUEZ,3,Pivots Interiors
1600531,J. JODAR SAIZ,1,Jugadors Interiors
1600604,J. GUTIERREZ LUNA,1,Jugadors Interiors
1600657,R. SANCHEZ SANCHEZ,4,Jugadors Exteriors
1601688,A. CEJUDO GALÁN,2,Bases Creadors/Anotadors
1602977,A. DELGADO ALARCON,0,Role Players Limitats
1603073,A. RAMIREZ RUIZ,2,Bases Creadors/Anotadors
1604651,A. OMERAGIC ALIC,2,Bases Creadors/Anotadors
1604975,M. CABEZA RUEDA ,2,Bases Creadors/Anotadors
1605142,M. MARTINEZ HERNANDEZ ,2,Bases Creadors/Anotadors
1605745,O. SANCHEZ ALIAGA,0,Role Players Limitats
1606553,I. RUIPEREZ SANCHEZ,4,Jugadors Exteriors
1610637,P. MARTINEZ ALEJANO,2,Bases Creadors/Anotadors
1613545,R. PESTANO DÍAZ,1,Jugadors Interiors
1614405,A. GARCIA RUIZ,1,Jugadors Interiors
1614865,L. RODRIGUEZ CAMPIÑA,1,Jugadors Interiors
1616508,J. SOLER MANZANO,1,Jugadors Interiors
1616642,L. MCGUIRK ,2,Bases Creadors/Anotadors
1617928,A. MONRABAL ROMEU,4,Jugadors Exteriors
1618495,J. DALMAU ROIG,4,Jugadors Exteriors
1618530,R. GREUS MARTINEZ DEL REY,1,Jugadors Interiors
1621425,D. PALACIN GROS,4,Jugadors Exteriors
1622261,A. CAMPUZANO DIAZ,1,Jugadors Interiors
1622322,L. PORTILLA QUEIRO,2,Bases Creadors/Anotadors
1622422,L. GOMEZ FERNANDEZ,2,Bases Creadors/Anotadors
1622657,D. CORTES ALEJANDRE,4,Jugadors Exteriors
1624829,I. DIAZ MONJAS,4,Jugadors Exteriors
1626614,A. MORCHON ESTEBAN,2,Bases Creadors/Anotadors
1626741,G. CARRAL ESCUDERO,4,Jugadors Exteriors
1626765,M. RODRIGUEZ NUÑEZ,0,Role Players Limitats
1626776,E. CASTAÑO MARCOS,2,Bases Creadors/Anotadors
1628500,A. AÑON DOSIL,2,Bases Creadors/Anotadors
1632536,J. HERRERO ALONSO,2,Bases Creadors/Anotadors
1632584,J. VILLAR SOLER,4,Jugadors Exteriors
1632714,K. KONAN,1,Jugadors Interiors
163432,E. CARRASCO GOMEZ,1,Jugadors Interiors
1635145,J. ROMAN COMESAÑA,2,Bases Creadors/Anotadors
1636924,J. ORTEGA FALCES,0,Role Players Limitats
1637023,J. BERMEJO DORRONSORO,3,Pivots Interiors
1637827,C. DIAZ SERRA,4,Jugadors Exteriors
1639298,P. LÓPEZ GÓMEZ,2,Bases Creadors/Anotadors
1640536,A. GONZALEZ SANCHEZ,4,Jugadors Exteriors
1640608,J. ESTARLICH MARTINEZ,4,Jugadors Exteriors
1640978,C. FAJARDO PAÑOS,1,Jugadors Interiors
1641003,I. HORRACH SANCHEZ,0,Role Players Limitats
1645436,D. CALERO BAUTISTA,2,Bases Creadors/Anotadors
1652229,A. RODRIGUEZ MONTON,2,Bases Creadors/Anotadors
1652332,S. FERNANDEZ FERREIRO,4,Jugadors Exteriors
1656705,G. ALBA ASTOLA,4,Jugadors Exteriors
1659932,P. TRUÑO SOMS,1,Jugadors Interiors
1660099,A. RODRIGUEZ UBACH,3,Pivots Interiors
1660205,A. PILAN PERET,0,Role Players Limitats
1663997,J. SOLA ARGEMI,1,Jugadors Interiors
1664639,A. JAIME BATLLE,4,Jugadors Exteriors
1668131,M. TOLEDO DOS REIS,1,Jugadors Interiors
1671798,A. LORENZO FERNANDEZ,4,Jugadors Exteriors
1673632,M. FERNANDEZ CARRASCO,4,Jugadors Exteriors
1674996,P. LOPEZ BENITO,1,Jugadors Interiors
1675452,J. ATIENZA PEREA,2,Bases Creadors/Anotadors
1675464,F. GOMEZ DE ENTERRIA LOPEZ,4,Jugadors Exteriors
1676153,I. BALLESPIN DE LA PEÑA,2,Bases Creadors/Anotadors
1677187,A. SERNEGUET GARVI,2,Bases Creadors/Anotadors
1678003,P. PEREZ FERNANDEZ,1,Jugadors Interiors
1678459,J. DOMINGUEZ LARRE,4,Jugadors Exteriors
1678469,J. ATIENZA PEREA,0,Role Players Limitats
1678802,A. ZABALETA LASA,3,Pivots Interiors
1679200,M. HERMOSO ALCUBILLA,3,Pivots Interiors
1679297,D. MARTIN LLUNA,3,Pivots Interiors
1679361,A. CORDERO DE LA CRUZ,1,Jugadors Interiors
1679499,J. LE BERRE CASTILLO ,2,Bases Creadors/Anotadors
1680626,V. AVIÑO ESPAÑA,4,Jugadors Exteriors
1681804,J. BARRIOS RUIZ,0,Role Players Limitats
1683086,M. COLL JANER,0,Role Players Limitats
1683623,R. CABARROCAS MARTIN,1,Jugadors Interiors
1684030,D. SAINSBURY GARCIA,3,Pivots Interiors
1685233,A. GONZALEZ SOLER,2,Bases Creadors/Anotadors
1685661,D. FERNANDEZ STEFANUTO,2,Bases Creadors/Anotadors
1686541,M. PORTALEZ MUR,2,Bases Creadors/Anotadors
1686734,A. LOPEZ FLOR,1,Jugadors Interiors
1687119,A. HERNANDEZ DIAZ,4,Jugadors Exteriors
1687185,B. FOS CERVERA,1,Jugadors Interiors
1687196,S. HERRANDO CUENCA,2,Bases Creadors/Anotadors
1687265,S. PADILLA MARTINEZ,2,Bases Creadors/Anotadors
1687298,A. POU CAMPILLO,3,Pivots Interiors
1687695,G. CASASUS GOYENECHE,3,Pivots Interiors
1687924,J. BERMUDEZ HERRERO,2,Bases Creadors/Anotadors
1687992,O. DIAZ GUILLEN,2,Bases Creadors/Anotadors
1689251,X. ANDREU GARI,4,Jugadors Exteriors
1691808,D. GOMEZ VAZQUEZ,0,Role Players Limitats
1692354,J. MORENO FERNANDEZ,4,Jugadors Exteriors
1692391,M. LIBERATORE DARGAM,1,Jugadors Interiors
1692539,I. LLANO ABASCAL,2,Bases Creadors/Anotadors
1695875,J. ALMENARA SANCHEZ,2,Bases Creadors/Anotadors
1696684,R. MERINO LUQUE,1,Jugadors Interiors
1697846,L. RODRIGUEZ DOMINGUEZ,4,Jugadors Exteriors
1698640,M. ORTIN GOMEZ,4,Jugadors Exteriors
1698706,C. COMINO DIEZ,0,Role Players Limitats
1698847,A. IGLESIAS FERNANDEZ,4,Jugadors Exteriors
1698861,A. CHACON GARCIA,0,Role Players Limitats
1699015,P. LOPEZ-VALVERDE CARRASCO,4,Jugadors Exteriors
1699536,J. CEBRIAN ROSAS,2,Bases Creadors/Anotadors
1701869,J. BOIX GUILLEM,4,Jugadors Exteriors
1703223,V. PRADA SANCHEZ,2,Bases Creadors/Anotadors
1703363,S. BORDES LLORIA,0,Role Players Limitats
1703429,P. VERA PEIRO,1,Jugadors Interiors
1706355,C. SEGUI HEREDIA,2,Bases Creadors/Anotadors
1706548,J. MORAN HUETE,4,Jugadors Exteriors
1706867,P. MORTE MONTAÑES,2,Bases Creadors/Anotadors
1707037,P. LOPEZ USO,4,Jugadors Exteriors
1707434,M. PEREIRA NIETO,4,Jugadors Exteriors
1708013,A. MEDINA SANTOS,0,Role Players Limitats
1708138,I. VAZQUEZ FLORES,2,Bases Creadors/Anotadors
1709034,D. FERNANDEZ GARCIA,1,Jugadors Interiors
1710114,E. REINARES MARTIN,1,Jugadors Interiors
1710526,J. LORENZO MEDINA,1,Jugadors Interiors
1710836,A. HERMIDA PEREZ,2,Bases Creadors/Anotadors
1714250,Y. VAQUERO HERNANDEZ,1,Jugadors Interiors
1714761,J. MARIN ALVAREZ,2,Bases Creadors/Anotadors
1718750,G. PREOTU,4,Jugadors Exteriors
1722778,R. BORGES PINO,0,Role Players Limitats
1722998,S. MENENDEZ PEREZ,4,Jugadors Exteriors
1724282,J. ROBLES ROSADO,0,Role Players Limitats
1727421,O. SUBIRANAS CASELLAS,4,Jugadors Exteriors
1727662,M. PERAPOCH SANCHEZ,1,Jugadors Interiors
1729533,S. VICENTE GARCÍA,0,Role Players Limitats
1731675,J. CEBOLLA HERRERA,4,Jugadors Exteriors
1731705,J. CEBOLLA HERRERA,2,Bases Creadors/Anotadors
1736001,J. LORCA AGUILAR,3,Pivots Interiors
1736058,C. GANA GANG,3,Pivots Interiors
1736220,P. GONZALEZ SENDRA,4,Jugadors Exteriors
1736394,I. GONZALEZ GOMEZ,1,Jugadors Interiors
1737850,J. REVUELTAS PAREJA,2,Bases Creadors/Anotadors
1739829,D. CARRASCO ROSADO,4,Jugadors Exteriors
1739847,A. MARQUEZ MARQUEZ,2,Bases Creadors/Anotadors
1743328,J. MEJIA ECHEVERRY,4,Jugadors Exteriors
1747965,J. PEREZ BENITO,2,Bases Creadors/Anotadors
1748837, . SUAREZ HEVIA,2,Bases Creadors/Anotadors
1749082,M. PAZ CACHEIRO,0,Role Players Limitats
1749166,J. URTXULUTEGI NAVARRI,1,Jugadors Interiors
1751017,B. ECEIZA ALDAY,1,Jugadors Interiors
1751611,J. ALLER TABOADA,2,Bases Creadors/Anotadors
1751781,V. FERNANDEZ MORAN,1,Jugadors Interiors
1755234,D. GARCIA NAVARRO,4,Jugadors Exteriors
1755885,D. MAGANTO LUCAS,4,Jugadors Exteriors
1756269,D. CAZORLA ZARAGOZI,4,Jugadors Exteriors
1756972,J. VALVERDE SASTRE,1,Jugadors Interiors
1757193,A. SIMON DEL CORRAL,1,Jugadors Interiors
1757825,D. TERRÓN FERNÁNDEZ,4,Jugadors Exteriors
1759890,A. YOUNG MEDIERO,3,Pivots Interiors
1760049,B. MONDRAGON VIDAL,4,Jugadors Exteriors
1760308,J. PEREZ CABELLO,4,Jugadors Exteriors
1760317,J. GARCIA CALZADO,4,Jugadors Exteriors
1760374,C. AVIÑO GOMEZ-SENENT,3,Pivots Interiors
1760783,K. CARTER YELAMOS,3,Pivots Interiors
1761178,A. GARCIA NAVALON,4,Jugadors Exteriors
1761260,C. GRAU PIQUERES,1,Jugadors Interiors
1761475,A. SANCHO PEREZ,1,Jugadors Interiors
1762304,P. RODRIGUEZ SANCHEZ,0,Role Players Limitats
1763674,G. SEVILLANO PUIG,2,Bases Creadors/Anotadors
1763860,P. GRACIA LOPEZ,1,Jugadors Interiors
1763885,J. SANTA BARBARA CARCELEN,2,Bases Creadors/Anotadors
1764294,A. GOMEZ PEÑA,4,Jugadors Exteriors
1764345,I. MORENO ZURUTUZA,1,Jugadors Interiors
1765142,P. RODRIGUEZ RIVERO,3,Pivots Interiors
1765930,P. BALLESPIN DE LA PEÑA,2,Bases Creadors/Anotadors
1766637,A. NAVARRO GARCIA,4,Jugadors Exteriors
1766939,A. DOMINGUEZ CARRAL,2,Bases Creadors/Anotadors
1766977,J. GONZALEZ LÓPEZ,4,Jugadors Exteriors
1767254,G. CADME ARIAS,3,Pivots Interiors
1769434,J. CAMPOS DE BENGOA,1,Jugadors Interiors
1770496,A. DE LA FUENTE MARISCAL,0,Role Players Limitats
1770599,M. SANCHEZ SANCHEZ,4,Jugadors Exteriors
1771060,P. RIOS SAINZ,1,Jugadors Interiors
1771925,M. SOLORZANO COLSA,4,Jugadors Exteriors
1772711,M. SOUTO PARRADO,2,Bases Creadors/Anotadors
1773200,A. ABAD DE MIGUEL,2,Bases Creadors/Anotadors
1774494,J. ABELLEIRA MARTINEZ,2,Bases Creadors/Anotadors
1774897,A. DEL BUSTO MARTINEZ,4,Jugadors Exteriors
1774934,A. ANDRADE ROSSI,1,Jugadors Interiors
1774948,C. GALÁN PLAZA,3,Pivots Interiors
1775312,A. ALEMAN ROMERA,4,Jugadors Exteriors
1776262,F. QUERO CARMONA,4,Jugadors Exteriors
1776452,M. BELLO CASTRO,0,Role Players Limitats
1777440,A. VICENTE ALONSO,4,Jugadors Exteriors
1777606,J. BELMONTE ALCALA,4,Jugadors Exteriors
1778332,D. SANZ VALTUEÑA,0,Role Players Limitats
1778486,J. MALO MONTORIO,3,Pivots Interiors
1779457,A. GARCIA CIFUENTES,4,Jugadors Exteriors
1780471,A. INFANTE GUTIERREZ,4,Jugadors Exteriors
1780794,M. FERNANDEZ GIL,2,Bases Creadors/Anotadors
1781815,A. TEJADA CAMACHO,2,Bases Creadors/Anotadors
1783696,J. GAVALDA GUILLEN,4,Jugadors Exteriors
1783700,M. ESTEBAN CALVO,4,Jugadors Exteriors
1784661,M. HERNANDO PEREZ,1,Jugadors Interiors
1785551,J. TRECHERA MUÑOZ,4,Jugadors Exteriors
1787349,I. MARTINEZ PINO,3,Pivots Interiors
1789964,E. ORTIZ TORRES,1,Jugadors Interiors
1790780,S. SADOKI,2,Bases Creadors/Anotadors
1790817,J. TEJERINA TEJEDO,4,Jugadors Exteriors
1791708,E. LOPEZ GARCIA,1,Jugadors Interiors
1791928,V. CARLES TEJEDO,3,Pivots Interiors
1792455,M. PEREZ DIEZ,1,Jugadors Interiors
1792458,V. BERENGUER DEL VALLE,4,Jugadors Exteriors
1793779,J. VALEIRAS CREUS,3,Pivots Interiors
1794540,D. PEREZ PALOMARES,2,Bases Creadors/Anotadors
1794542,A. PEREZ PALOMARES,1,Jugadors Interiors
1794812,O. BARTUAL BARDISA,4,Jugadors Exteriors
1795585,C. UNANUE CEGARRA,2,Bases Creadors/Anotadors
1796561,N. ALBALADEJO PEREZ,2,Bases Creadors/Anotadors
1796571,A. LOPEZ IGUAL,0,Role Players Limitats
1796900,C. VELAZQUEZ BALSERA,2,Bases Creadors/Anotadors
1797682,J. DE YRAOLAGOITIA TELLO,1,Jugadors Interiors
1798077,H. FABREGAT LORES,2,Bases Creadors/Anotadors
1798268,E. GARCIA YRANZO,2,Bases Creadors/Anotadors
1798324,V. VELA SAZ,1,Jugadors Interiors
1798869,P. GIMENO MARTIN,2,Bases Creadors/Anotadors
1798932,D. ARJOL LOPEZ,2,Bases Creadors/Anotadors
1799377,A. DOBLADO GARCIA,2,Bases Creadors/Anotadors
1799784,R. BOLIVAR TRUEBA,0,Role Players Limitats
1801777,J. LACRUZ LAZARO,4,Jugadors Exteriors
1802031,J. FERNANDEZ MANZANARES,2,Bases Creadors/Anotadors
1802033,O. LOPEZ SANCHEZ,0,Role Players Limitats
1802050,D. MUÑOZ SAMATAN,3,Pivots Interiors
1802277,J. BUSTOS NGUEMA,3,Pivots Interiors
1802958,D. JIMENEZ HERRERA,3,Pivots Interiors
1803757,A. RIBERA MARTINEZ,3,Pivots Interiors
1804773,I. MASPONS MOLINS,0,Role Players Limitats
1807111,I. LERIN PEREZ,1,Jugadors Interiors
1807414,V. VERCHER FERNANDEZ,4,Jugadors Exteriors
1807634,P. FUENTES MARTINEZ,2,Bases Creadors/Anotadors
1808701,R. GONZÁLEZ LÓPEZ,1,Jugadors Interiors
1809308,D. MUÑOZ TORREGROSA,1,Jugadors Interiors
1811376,G. MARTIN LOPEZ-LAGO,2,Bases Creadors/Anotadors
1812600,P. MORIN PEDROSA,4,Jugadors Exteriors
1812800,J. ESTALAYO CELADA,4,Jugadors Exteriors
1815584,M. LARRAÑAGA ORMAZABAL,0,Role Players Limitats
1815741,I. ORUE-MAZAGA CELAYA,3,Pivots Interiors
1815956,M. MORAGAS AZNAR,3,Pivots Interiors
1816445,G. RAMIREZ FILPO,2,Bases Creadors/Anotadors
1818104,S. IDRIS IGENE,3,Pivots Interiors
1819146,E. ECHEVERRIA MATEO,4,Jugadors Exteriors
1820277,C. VILA DE MIGUEL,1,Jugadors Interiors
1821502,V. PALOMO GIL,1,Jugadors Interiors
1821522,R. VIDALES MOLINA,2,Bases Creadors/Anotadors
1822073,L. SCHIEBELHUT LUIS,2,Bases Creadors/Anotadors
1822328,S. GONZALEZ MOTA,2,Bases Creadors/Anotadors
1822563,S. GACIC,2,Bases Creadors/Anotadors
1822670,I. CONDES LOPEZ-CEPERO,3,Pivots Interiors
1823392,J. AGÜERA ZEA,4,Jugadors Exteriors
1824485,P. VALENZUELA COCA,1,Jugadors Interiors
1824713,M. TAEÑO ELEZ,2,Bases Creadors/Anotadors
1824721,A. PULIDO LUNA,4,Jugadors Exteriors
1825132,J. PEÑA TORRE,4,Jugadors Exteriors
1825268,J. SASTRE IZQUIERDO,0,Role Players Limitats
1825287,A. LLANO ABASCAL,1,Jugadors Interiors
1825393,A. REDONDO ALVAREZ DE SOTOMAYOR,3,Pivots Interiors
1825478,J. MARTINEZ SANTOS,2,Bases Creadors/Anotadors
1825506,A. VALOR LARA,3,Pivots Interiors
1826206,J. FERNANDEZ GARCIA-GARABAL,0,Role Players Limitats
1827474,J. CRUZ MARTINEZ ,4,Jugadors Exteriors
1827536,G. PEREZ CABRERA,4,Jugadors Exteriors
1827742,M. GAMEZ SANCHEZ,4,Jugadors Exteriors
1828057,I. FRANCH RUIZ,4,Jugadors Exteriors
1828632,A. IGLESIAS CAMINO,2,Bases Creadors/Anotadors
1828863,S. TRUJILLO SUAREZ,2,Bases Creadors/Anotadors
1830420,X. ARROITAJAUREGUI ELGUEA,2,Bases Creadors/Anotadors
1830472,J. GARCIA CABRERA,4,Jugadors Exteriors
1830542,F. GASPAR AGUILAR,3,Pivots Interiors
1830807,J. MIRANDA VARGAS,2,Bases Creadors/Anotadors
1833509,T. GORRITXATEGI BASAURI,4,Jugadors Exteriors
1833695,A. ARIZMENDIARRETA MARINA,0,Role Players Limitats
1833923,B. RAMOS FERNANDEZ,1,Jugadors Interiors
1834649,S. RODRIGUEZ HERNANDEZ,4,Jugadors Exteriors
1834863,P. FERNANDEZ GONZALEZ,4,Jugadors Exteriors
1835874,P. MARIN SANCHEZ,2,Bases Creadors/Anotadors
1836213,K. SECK DIOP,1,Jugadors Interiors
1837171,A. GALLEGO GÓMEZ,4,Jugadors Exteriors
1838955,E. TRUJILLO MARIN,2,Bases Creadors/Anotadors
1839763,P. BUSTAMANTE CONTRERAS,2,Bases Creadors/Anotadors
1840006,J. TORRES HERNANDO,4,Jugadors Exteriors
1840042,D. GARCIA ROYO ,3,Pivots Interiors
1840449,M. VARELA BARCIA,2,Bases Creadors/Anotadors
1840589,J. CASADO TORRES,4,Jugadors Exteriors
1840859,V. RODRIGUEZ GIL ,3,Pivots Interiors
1843506,F. ESPINOSA GOMEZ,3,Pivots Interiors
1843858,J. CHALER ROMERO,4,Jugadors Exteriors
1844476,J. CASADO SEGURA,1,Jugadors Interiors
1845029,F. CARCEDO ROYUELA,1,Jugadors Interiors
1845385,D. FERNANDEZ NARRO,1,Jugadors Interiors
1845471,D. PANIAGUA QUINTANILLA,4,Jugadors Exteriors
1847024,N. COMIN PESCADOR,1,Jugadors Interiors
1847221,I. VIVERO RODRIGUEZ,4,Jugadors Exteriors
1847309,M. PALACIOS RIOS,1,Jugadors Interiors
1847358,H. SAIZ-BUSTAMANTE GOMEZ,2,Bases Creadors/Anotadors
1848254,D. ESCAMILLA DE SANTOS,1,Jugadors Interiors
1848257,S. AMAYA QUINTERO,4,Jugadors Exteriors
1848317,H. REY PEREZ,4,Jugadors Exteriors
1848975,C. GARCIA SAHUQUILLO,2,Bases Creadors/Anotadors
1851037,M. PAÑOS HUERTAS,4,Jugadors Exteriors
1851070,P. LUENGO MATEO,4,Jugadors Exteriors
1851159,J. CARRERAS MUÑOZ,4,Jugadors Exteriors
1853272,F. MARCO CLIMENT,3,Pivots Interiors
1854780,A. MARTÍNEZ AGUDO,2,Bases Creadors/Anotadors
1856308,D. ACOSTA MOLINÉ,3,Pivots Interiors
1858549,J. FERNÁNDEZ HERNÁNDEZ,4,Jugadors Exteriors
1859281,J. JORGE RODRIGUEZ ,4,Jugadors Exteriors
1860831,M. ALBEROLA GUILLOT,2,Bases Creadors/Anotadors
1860866,D. GONZALEZ MARIN,3,Pivots Interiors
1861335,J. TAZON MUÑOZ,0,Role Players Limitats
1862021,M. REOS CAMPOS,2,Bases Creadors/Anotadors
1862952,F. SANCHEZ SUAREZ,1,Jugadors Interiors
1863375,A. NUÑEZ NAVARRO,1,Jugadors Interiors
1863379,J. URDIAIN ESPERANZA,0,Role Players Limitats
1866493,C. HERRERO SANDOVAL,0,Role Players Limitats
1866799,D. CAYADO LOUSAME,0,Role Players Limitats
1867444,S. MORETA CABRILLO,0,Role Players Limitats
1867956,S. MOUTAQUAKKEL EL KAHIA,0,Role Players Limitats
1868050,L. MAESTRO STEELE,4,Jugadors Exteriors
1868277,I. CUBERO SANTAFE,3,Pivots Interiors
1869192,M. LINDE GIL,2,Bases Creadors/Anotadors
1869210,J. MÁRQUEZ GARCIA,1,Jugadors Interiors
1870142,A. BORTOLUSSI SALUZZO,3,Pivots Interiors
1870164,J. EGAA AYERZA,0,Role Players Limitats
1871316,J. DE DOMINGO GARAY,4,Jugadors Exteriors
1871776,A. BALADA SEGOVIA,2,Bases Creadors/Anotadors
1872715,I. CORREA BOULATOVA,3,Pivots Interiors
1873726,J. PORRAS MONTILLA,4,Jugadors Exteriors
1874283,A. PEREZ GARCIA,3,Pivots Interiors
1874342,R. DIEZ CARVAJAL,0,Role Players Limitats
1875656,J. VAQUERO PASCUAL,2,Bases Creadors/Anotadors
1876136,V. STRUKOV STRUKOV ,3,Pivots Interiors
1876223,A. MONTERO ISLA,2,Bases Creadors/Anotadors
1876283,P. ORENGA IMAZ,3,Pivots Interiors
1877103,J. MORALES MUÑOZ,4,Jugadors Exteriors
1877312,S. CURBELO MENENDEZ,2,Bases Creadors/Anotadors
1877414,A. VIDAL RODRIGUEZ,3,Pivots Interiors
1877573,I. SARASOLA SUDUPE,4,Jugadors Exteriors
1878691,I. RUIZ GONZALEZ,3,Pivots Interiors
1879015,L. VIVAR MARTINEZ,4,Jugadors Exteriors
1879097,I. OTS MUT,2,Bases Creadors/Anotadors
1880379,J. VIOQUE LOMBARDO,0,Role Players Limitats
1880683,J. VILCHES CASTELLANOS,4,Jugadors Exteriors
1880897,D. LOPEZ MOURE,1,Jugadors Interiors
1881224,I. VIOQUE LOMBARDO,3,Pivots Interiors
1881440,P. GOMEZ GARCIA-GUTIERREZ,4,Jugadors Exteriors
1881683,J. CAMPOS CAMPOS,1,Jugadors Interiors
1881943,T. VALENZUELA COCA,1,Jugadors Interiors
1881948,J. MARTINEZ MEGIAS,3,Pivots Interiors
1881959,F. LOPEZ JIMENEZ,2,Bases Creadors/Anotadors
1882141,J. KALINA CAPDEVILA,1,Jugadors Interiors
1882199,J. SORIANO ZORIO,4,Jugadors Exteriors
1882307,M. FERNANDEZ ZAS,0,Role Players Limitats
1882400,O. IBARROLA ITURRIA,4,Jugadors Exteriors
1882563,A. DIAZ MACIAS,3,Pivots Interiors
1883020,A. VILLALBA MOLLA,1,Jugadors Interiors
1883035,H. GOMEZ GARCIA,4,Jugadors Exteriors
1883847,S. LAGHRIDAT,3,Pivots Interiors
1884141,D. RUIZ ABSELAM,1,Jugadors Interiors
1884567,J. GARCIA SANCHEZ,4,Jugadors Exteriors
1884705,M. MOLINA HERRERA,3,Pivots Interiors
1884710,A. VEGUILLA SANCHEZ,0,Role Players Limitats
1885353,G. CAMPOS RODRIGUEZ,4,Jugadors Exteriors
1885616,A. OROZCO DOMINGUEZ,2,Bases Creadors/Anotadors
1885980,F. DÍAZ HERRERA,2,Bases Creadors/Anotadors
1885989,E. VIDAL RODRIGUEZ,4,Jugadors Exteriors
1886285,J. BRAVO ORTEGA,0,Role Players Limitats
1886431,A. PADILLA AMADOR,0,Role Players Limitats
1886704,P. ROSELLO ORTS,3,Pivots Interiors
1887047,D. GARCIA LEAL,4,Jugadors Exteriors
1887154,S. LAPAZ HARO,1,Jugadors Interiors
1888037,A. BARRIOS UREÑA,2,Bases Creadors/Anotadors
1888109,N. LASUNCION MARIBLANCA,4,Jugadors Exteriors
1888737,M. ARANZABAL ETXEBARRIA,3,Pivots Interiors
1889292,A. TERRADES DAROQUI,3,Pivots Interiors
1889530,F. LOPEZ ZOROA,2,Bases Creadors/Anotadors
1889536,J. MOLINA LORENZ,4,Jugadors Exteriors
1889899,D. VILLADONIGA AMADO,1,Jugadors Interiors
1890378,A. RUIZ FRAGUEIRO,2,Bases Creadors/Anotadors
1890673,J. ROCAMORA PEREZ,4,Jugadors Exteriors
1890958,R. ORTEGA MORA,0,Role Players Limitats
1890960,A. CALLE GÓMEZ,4,Jugadors Exteriors
1891287,B. FRANCO GONZALO,4,Jugadors Exteriors
1891556,R. VARELA BARRAL,0,Role Players Limitats
1891986,A. POU BLINNIKOV,2,Bases Creadors/Anotadors
1892161,G. LOPEZ ABAD,3,Pivots Interiors
1893854,G. RODRIGUEZ FLAQUE,4,Jugadors Exteriors
1893864,O. HERAS FLECHA,2,Bases Creadors/Anotadors
1894117,D. VAL GUTIERREZ,4,Jugadors Exteriors
1894434,J. PRIETO LORIENTE,2,Bases Creadors/Anotadors
1894910,P. SANJURJO BOTEJARA,3,Pivots Interiors
1894916,C. VIDAL AGRA,1,Jugadors Interiors
1895175,A. LÓPEZ MARTINEZ,4,Jugadors Exteriors
1895267,A. MARTINEZ GONZALEZ,4,Jugadors Exteriors
1898682,A. MONTALVO PEREZ,3,Pivots Interiors
1898852,J. BALFAGON MIRAVET,2,Bases Creadors/Anotadors
1899084,M. PALAU GASCÓN,4,Jugadors Exteriors
1899744,J. CASCALES FERNANDEZ,1,Jugadors Interiors
1900101,A. GOMEZ FERNANDEZ,4,Jugadors Exteriors
1900423,S. GALVEZ ARROYO,2,Bases Creadors/Anotadors
1900426,V. GALVEZ ARROYO,3,Pivots Interiors
1900690,J. MARTINEZ RODRIGUEZ,3,Pivots Interiors
1901790,A. SALVADOR GARCIA,2,Bases Creadors/Anotadors
1901860,G. BORREGA BERTOLIN,2,Bases Creadors/Anotadors
1901876,D. OLIVER KOWALCZYK,2,Bases Creadors/Anotadors
1901880,P. LOPEZ DOMINGUEZ,2,Bases Creadors/Anotadors
1902252,H. VAZQUEZ GARCIA,2,Bases Creadors/Anotadors
1904128,D. CAÑIBANO LOPEZ,0,Role Players Limitats
1904133,A. ROSALES DARIAS,1,Jugadors Interiors
1907317,S. TUBERT SABATER,3,Pivots Interiors
1907632,A. ARIZA JUNCAL,1,Jugadors Interiors
1908032,A. ABELLO GIRVÉS,1,Jugadors Interiors
1908267,A. AGUADO CADENAS,2,Bases Creadors/Anotadors
1909300,A. ALMENTA MACIAS,3,Pivots Interiors
1911502,J. AURO GARRIGA,4,Jugadors Exteriors
1913072,M. BATALLER LOPEZ,2,Bases Creadors/Anotadors
1913775,M. BERENGUER CASCO,2,Bases Creadors/Anotadors
1913816,J. BERGADA BERTRAN,4,Jugadors Exteriors
1914047,A. BERTOS LLAMAS,0,Role Players Limitats
1915713,O. BUETAS CAMINAL,1,Jugadors Interiors
1915859,M. BUSCAIL BRIANSO,3,Pivots Interiors
1919238,V. CASTELLON MARTIN,2,Bases Creadors/Anotadors
1920904,M. COLL BAYÉ,1,Jugadors Interiors
1921541,M. CORBERA BUSQUETA,2,Bases Creadors/Anotadors
1921681,D. COROMINAS HINOJOSA,4,Jugadors Exteriors
1922407,A. CRUZ URBANEJA,4,Jugadors Exteriors
1922408,M. CRUZ URBANEJA,4,Jugadors Exteriors
1923459,F. DIAZ CABANAS,4,Jugadors Exteriors
1923853,E. DOMENECH ANTE,2,Bases Creadors/Anotadors
1924657,B. ENRICH TASIAS,0,Role Players Limitats
1925673,G. FABREGAS CANALS,4,Jugadors Exteriors
1926460,A. FERNANDEZ FUERTES,4,Jugadors Exteriors
1928511,O. FUENTES PELUFO,2,Bases Creadors/Anotadors
1929210,A. GARAIZABAL SANCHEZ,0,Role Players Limitats
1930720,A. GARRIDO RODRIGUEZ,4,Jugadors Exteriors
1932239,R. GOMEZ PRIVAT,1,Jugadors Interiors
1933382,I. GRANJA BERNAD ,2,Bases Creadors/Anotadors
1934108,C. GUITART NAVARRETE,4,Jugadors Exteriors
1934295,G. GUTIÉRREZ MONREAL,4,Jugadors Exteriors
1934432,V. DE HARO BLAZQUEZ,4,Jugadors Exteriors
1934555,G. HERETER MARCHANTE,3,Pivots Interiors
1935826,I. ISERN CASES,4,Jugadors Exteriors
1936097,J. JARQUE PUNTADA,0,Role Players Limitats
1936842,J. JUAREZ GIMENEZ,2,Bases Creadors/Anotadors
1936955,I. JUNCADELLA ENFEDAQUE,4,Jugadors Exteriors
1937660,A. LATORRE SEGURA,0,Role Players Limitats
1938336,J. LLINAS TERRADAS,2,Bases Creadors/Anotadors
1940447,P. MAJORAL DE LOS RIOS,4,Jugadors Exteriors
1941639,A. MARTÍN ADELANTADO,4,Jugadors Exteriors
1942028,J. MARTIN TRENADO,2,Bases Creadors/Anotadors
1944675,M. MESTRES ROSET,3,Pivots Interiors
1945744,A. MONTAGUT PUNTI,4,Jugadors Exteriors
1945903,P. MONTEROSA FORNELINO,3,Pivots Interiors
1946645,P. MORENO MARTIN,0,Role Players Limitats
1947084,P. MULIO CAMPOS,1,Jugadors Interiors
1947502,A. MURCIANO PUJADAS,4,Jugadors Exteriors
1947974,A. NAVAS CERVERA,4,Jugadors Exteriors
1948057,R. NEILA CANTERA,4,Jugadors Exteriors
1948717,M. OLIVA CAMPABADAL,4,Jugadors Exteriors
1949877,P. PAGES HERNANDEZ,1,Jugadors Interiors
1950104,F. PALLARES ARUMI,1,Jugadors Interiors
1950415,E. PARADEDA VIDAL,3,Pivots Interiors
1950674,P. PARISI TRIA,2,Bases Creadors/Anotadors
1951623,R. PEREZ ALBAREDA,4,Jugadors Exteriors
1953234,U. PLATTEEUW FERNÁNDEZ,1,Jugadors Interiors
1954078,G. PRAT PRUNA,2,Bases Creadors/Anotadors
1954514,M. PUIG DE GRACIA,2,Bases Creadors/Anotadors
1955713,E. RAMOS BELASTEGUI,2,Bases Creadors/Anotadors
1955789,A. RAMOS REAL,3,Pivots Interiors
1956708,C. RIBÓ VILALLONGA,0,Role Players Limitats
1957023,P. RIOS CADENAS,2,Bases Creadors/Anotadors
1957927,A. RODRIGUEZ LARA,0,Role Players Limitats
1958380,P. ROIG GARCIA,0,Role Players Limitats
1958382,Q. ROIG GARCIA,2,Bases Creadors/Anotadors
1958661,M. ROMANS SERRAT,1,Jugadors Interiors
1959086,A. ROSA BEJARANO,1,Jugadors Interiors
1959173,M. ROSELL LANZA,4,Jugadors Exteriors
1961398,",. VICENTE SABARIEGO",3,Pivots Interiors
1961942,A. VILAGRAN GONZALEZ,4,Jugadors Exteriors
1964254,P. SALA VALLMAJO,0,Role Players Limitats
1965981,P. SANTIAGO PAZ,2,Bases Creadors/Anotadors
1967605,E. SIMS SERRA,2,Bases Creadors/Anotadors
1968039,J. SOLE PIE,3,Pivots Interiors
1968455,R. SORO VILLANUEVA,2,Bases Creadors/Anotadors
1970585,A. CUMELLES CESPEDES,3,Pivots Interiors
1971000,J. GASCON TORNE,2,Bases Creadors/Anotadors
1972484,D. ROY CARNICER,4,Jugadors Exteriors
1973167,P. QUESADA PONS,1,Jugadors Interiors
1973468,A. TATO ROZADOS,2,Bases Creadors/Anotadors
1975819,A. JIMÉNEZ BARRETO,4,Jugadors Exteriors
1976175,M. FLORES VILAFAÑE,0,Role Players Limitats
1976189,I. JIMENEZ SIMON,1,Jugadors Interiors
1976597,M. GARCIA FERNANDEZ,3,Pivots Interiors
1977361,A. TRAPOTE ZAMARREÑO,4,Jugadors Exteriors
1978095,D. LOPEZ OTERO,0,Role Players Limitats
1978539,P. FERNANDEZ BLANCO,4,Jugadors Exteriors
1978540,J. MARTINEZ SANCHEZ,0,Role Players Limitats
1978802,J. IBAÑEZ TEJERO,2,Bases Creadors/Anotadors
1978816,I. BETOLAZA BELOKI,2,Bases Creadors/Anotadors
1978819,J. ALDECOA-OTALORA AZCARATE,2,Bases Creadors/Anotadors
1979335,F. GONZÁLEZ ROSCO ,1,Jugadors Interiors
1979459,J. ORTEGA FIGUEROA,0,Role Players Limitats
1979461,J. SANCHEZ BARQUIN,4,Jugadors Exteriors
1979958,D. SANCHEZ GONZALEZ,0,Role Players Limitats
1981938,J. ARIAS GONZALEZ,2,Bases Creadors/Anotadors
1983489,S. LÓPEZ GONZÁLEZ,0,Role Players Limitats
1985418,P. BAENA SÁNCHEZ,4,Jugadors Exteriors
1986085,A. SAEZ CALABUIG,1,Jugadors Interiors
1986086,P. PAREJA ANDRES,1,Jugadors Interiors
1986323,V. PELUFO LOZANO,3,Pivots Interiors
1989103,C. NOGUEROL BARRENECHEA,2,Bases Creadors/Anotadors
1989214,P. FERNANDEZ CHOCARRO,4,Jugadors Exteriors
1989654,G. GARRIDO GUERREIRO DE SOUSA,2,Bases Creadors/Anotadors
1989733,M. PEREZ DOMINGUEZ,4,Jugadors Exteriors
1990032,M. ECHEVERRIA FERNANDEZ,3,Pivots Interiors
1990221,G. DIAZ MONTERO,2,Bases Creadors/Anotadors
1990236,A. BENNASAR ROJO,2,Bases Creadors/Anotadors
1991574,M. MARISCAL GOMEZ,1,Jugadors Interiors
1991674,J. MARTINEZ PASCUAL,0,Role Players Limitats
1992335,J. AYALA AYLLÓN,1,Jugadors Interiors
1992664,B. GIMENEZ SALAZAR,1,Jugadors Interiors
1992879,P. RODRIGUEZ PASCUAL,2,Bases Creadors/Anotadors
1993149,A. MORAL SANMARTIN,2,Bases Creadors/Anotadors
1993696,M. OKAFOR AUGUSTIN,3,Pivots Interiors
1994360,U. ZAMORA MAÑA,2,Bases Creadors/Anotadors
1994385,C. SANCHEZ VIDAL,1,Jugadors Interiors
1994463,J. LUQUE GOMEZ,4,Jugadors Exteriors
1994473,L. RODRIGUEZ SANCHEZ,2,Bases Creadors/Anotadors
1995171,P. ROCATI ALEGRE,0,Role Players Limitats
1995172,H. MARCO LOPEZ,4,Jugadors Exteriors
1995391,R. GARCIA STURGESS,3,Pivots Interiors
1995402,H. MARI LOPEZ-ROCA,4,Jugadors Exteriors
1995455,A. BLAZQUEZ VIDAL,1,Jugadors Interiors
1995485,S. JIMENA LLORCA,4,Jugadors Exteriors
1995786,J. PUJALTE MIRA,3,Pivots Interiors
1996276,S. VILLEGAS MENDOZA,1,Jugadors Interiors
1996322,C. CAMPILLOS ALONSO,4,Jugadors Exteriors
1997120,A. ALONSO LANTIGUA,4,Jugadors Exteriors
1997691,J. ROJO ROJO,0,Role Players Limitats
1997802,I. CASAS GARRIDO,2,Bases Creadors/Anotadors
1998323,P. BALLESTER MANQUE,1,Jugadors Interiors
1998365,P. HARGUINDEY MANEIRO,2,Bases Creadors/Anotadors
1998631,J. GARRIDO LOPEZ,0,Role Players Limitats
1998643,J. IBAÑEZ RUIZ,0,Role Players Limitats
1999325,J. OTERO GONZALEZ,2,Bases Creadors/Anotadors
1999503,E. GANDARILLAS GARMENDIA,0,Role Players Limitats
2000440,P. DIAZ VALIN,0,Role Players Limitats
2000447,M. RUANO MARTINEZ ,3,Pivots Interiors
200074,C. COBOS ORTEGA,4,Jugadors Exteriors
2000994,M. MENDIVE BLANCO,0,Role Players Limitats
2002092,A. RODRIGUEZ LOPEZ,0,Role Players Limitats
2002960,S. NAVARRO GARRIDO,1,Jugadors Interiors
2004307,P. LOPEZ MACIAS,4,Jugadors Exteriors
2004637,G. PARDOS MARTINEZ,1,Jugadors Interiors
2004826,L. FLORES LUCAS,0,Role Players Limitats
2006230,A. DE VICENTE MARTIN,2,Bases Creadors/Anotadors
2006394,B. BONET TORRALBA,3,Pivots Interiors
2006470,J. FERNANDEZ CORCOLES,1,Jugadors Interiors
2006485,D. ALZAMORA MULET,2,Bases Creadors/Anotadors
2006599,L. OSA NZANG,1,Jugadors Interiors
2006819,J. DEL CASTILLO LEON,2,Bases Creadors/Anotadors
2006825,A. PEREZ GALVAN,2,Bases Creadors/Anotadors
2007163,D. FERNANDEZ TRUJILLO,2,Bases Creadors/Anotadors
2007302,S. RAMOS DA CONCEIÇAO,3,Pivots Interiors
2008306,A. ARTERO CARA ,4,Jugadors Exteriors
2008693,J. RODRIGUEZ NERI,0,Role Players Limitats
2008921,A. CAMPO TERUEL,1,Jugadors Interiors
2008958,J. GALLEGO CASADO,2,Bases Creadors/Anotadors
2008960,A. MORENO VALERO,2,Bases Creadors/Anotadors
2009710,M. MIJE BENITEZ,3,Pivots Interiors
2009804,A. SISTAC RODRIGUEZ,2,Bases Creadors/Anotadors
2010199,M. ALARCON ORTIZ,4,Jugadors Exteriors
2010660,J. MARTINEZ SANCHEZ,2,Bases Creadors/Anotadors
2011222,M. ALVAREZ HERNAN,4,Jugadors Exteriors
2012846,S. MARTINEZ GRANDA,2,Bases Creadors/Anotadors
2013055,M. LATAS CHICO,1,Jugadors Interiors
2013087,N. SERRA JURICEK,2,Bases Creadors/Anotadors
2013217,J. VIGARA BOHM,2,Bases Creadors/Anotadors
2016346,G. BALTA FOIX,2,Bases Creadors/Anotadors
2016757,P. CAMPO TERUEL,1,Jugadors Interiors
2017115,J. CALERO SEVILLANO,2,Bases Creadors/Anotadors
2017199,A. GARCIA CIFUENTES,4,Jugadors Exteriors
2017493,J. BECERRA ORDOÑEZ,3,Pivots Interiors
2017688,D. RAMÍREZ,2,Bases Creadors/Anotadors
2018712,I. SAMA PEREZ,4,Jugadors Exteriors
2018730,J. FALAGAN ALONSO,1,Jugadors Interiors
2018997,A. RAMIREZ HORRACH,4,Jugadors Exteriors
2019343,D. NUÑEZ ANTON,4,Jugadors Exteriors
2020015,C. SEVERA LENCINA,0,Role Players Limitats
2020444,P. ELSO GONZALEZ,1,Jugadors Interiors
2020463,I. ECHEONDO LACALLE,0,Role Players Limitats
2020763,D. CUETOS FERNANDEZ,2,Bases Creadors/Anotadors
2021759,I. ALEXANDROV,2,Bases Creadors/Anotadors
2023248,M. BOTAS FERNANDEZ,1,Jugadors Interiors
2023440,H. ALBERT BONET,2,Bases Creadors/Anotadors
2023675,A. TORRES DE LA TORRE,2,Bases Creadors/Anotadors
2023700,N. RAMON AÑIBARRO,1,Jugadors Interiors
2023804,P. BAGUR PONS,0,Role Players Limitats
2024048,A. MARTIN MARGARIT,3,Pivots Interiors
2024136,J. MARCH VENTURA,0,Role Players Limitats
2024385,H. BAEZA CABRERA,3,Pivots Interiors
2024478,A. BLANCO CARDONA,2,Bases Creadors/Anotadors
2024488,L. ANDUJAR MASCARO,0,Role Players Limitats
2024571,J. VERGARA APARICIO,1,Jugadors Interiors
2025254,L. ASSARDO JOVANI,2,Bases Creadors/Anotadors
2025531,R. REVELLES DIAZ,2,Bases Creadors/Anotadors
2026576,J. BOSCH ROIG,3,Pivots Interiors
2026972,F. FERRER I SEGURA,4,Jugadors Exteriors
2026976,J. SEGARRA SARIO,0,Role Players Limitats
2027204,S. MELERO ZURITA,2,Bases Creadors/Anotadors
2027205,D. MELERO ZURITA,3,Pivots Interiors
2027316,J. MATE SEBASTIA,3,Pivots Interiors
2027626,G. TUDELA GARCIA,1,Jugadors Interiors
2028116,I. MARTINEZ PARDO,2,Bases Creadors/Anotadors
2028325,N. KRISCIUNAS,2,Bases Creadors/Anotadors
2029204,C. FUSTER ROYO,4,Jugadors Exteriors
2029762,D. KROHNERT MOTO,3,Pivots Interiors
2029767,E. PASCUAL COZAR,1,Jugadors Interiors
2029778,H. PEREZ SANCHEZ,2,Bases Creadors/Anotadors
2030405,D. GUIJARRO GONZALEZ,2,Bases Creadors/Anotadors
2030533,P. ESTEBANEZ GONZALEZ,4,Jugadors Exteriors
2030989,A. DIAZ FERREIRA,3,Pivots Interiors
2031011,J. VAQUERO PASCUAL,2,Bases Creadors/Anotadors
2031094,D. IYOHA OSARENKHOE,1,Jugadors Interiors
2031385,A. DELICADO DOMINGUEZ,2,Bases Creadors/Anotadors
2031755,V. FERNANDEZ RODRIGUEZ,2,Bases Creadors/Anotadors
2031778,J. NIETO REGAÑA,0,Role Players Limitats
2032122,J. TAVELLI,2,Bases Creadors/Anotadors
2032824,D. LORENZO  NEGRETE,2,Bases Creadors/Anotadors
2032886,S. GALIANO AVILA,3,Pivots Interiors
2033012,P. ANTICH MINGUEZ,2,Bases Creadors/Anotadors
2033170,J. JIMENEZ LORENTE,3,Pivots Interiors
2033295,M. ESTAPE ROIZ,4,Jugadors Exteriors
2033341,N. MARTÍNEZ CUCALÓN,4,Jugadors Exteriors
2033975,M. KREISLER LORENTE,4,Jugadors Exteriors
2033988,D. BORISOV,4,Jugadors Exteriors
2034353,W. DIAZ GONZALEZ,2,Bases Creadors/Anotadors
2034412,D. MARINEZ FERNANDEZ-URRUTIA,4,Jugadors Exteriors
2034509,N. MARIN MENDICUTI,2,Bases Creadors/Anotadors
2034654,N. PEÑA BAÑOS,3,Pivots Interiors
2034658,A. FONT FENOLLAR,4,Jugadors Exteriors
2034816,J. CLIMENT FIGUERES,4,Jugadors Exteriors
2034984,D. CARRASCO NUÑEZ,2,Bases Creadors/Anotadors
2035410,P. GARCIA BOSCH,2,Bases Creadors/Anotadors
2035843,R. CUBERO ROJANO,3,Pivots Interiors
2036186,P. LLABRES TUGORES,3,Pivots Interiors
2036378,J. MORENO GARZON,0,Role Players Limitats
2037465,J. MORENO POZA,3,Pivots Interiors
2037792,D. LAMAZARES ABASCAL,0,Role Players Limitats
2037802,M. MUÑOZ MANRIQUE,1,Jugadors Interiors
2037865,C. PALOMARES CALDERON,3,Pivots Interiors
2037929,N. GOMEZ MERODIO,3,Pivots Interiors
2037943,C. TERRASA MARIN,1,Jugadors Interiors
2038163,S. CABRERA SALMON,3,Pivots Interiors
2038194,P. TORRENS RIERA,2,Bases Creadors/Anotadors
2038396,J. CASERMEIRO RUEDA,1,Jugadors Interiors
2038429,P. BASSAS NAVARRA,4,Jugadors Exteriors
2039460,A. MORENO SÁNCHEZ,0,Role Players Limitats
2039654,C. VARELA ROMERO,2,Bases Creadors/Anotadors
2040236,C. DARRIBA VAZQUEZ,1,Jugadors Interiors
2041626,C. GIL MORALEDA,2,Bases Creadors/Anotadors
2042118,F. HERNANDEZ MARTINEZ,4,Jugadors Exteriors
2042389,W. LADSON BUGALLO,3,Pivots Interiors
2042782,D. RUEDA ALVAREZ,2,Bases Creadors/Anotadors
2043083,R. RIOJA ACHIAGA,3,Pivots Interiors
2043289,R. IKPONMWOSA BOZANO,3,Pivots Interiors
2044007,D. RAMIREZ GUTIERREZ,1,Jugadors Interiors
2045019,E. SUAREZ FUKUDA,0,Role Players Limitats
2045029,D. RODRIGUEZ RAMOS,2,Bases Creadors/Anotadors
2046244,I. HANSEN GUTIERREZ,4,Jugadors Exteriors
204712,P. COMAS GAYA,4,Jugadors Exteriors
2047293,P. SÁNCHEZ GUTIERREZ,4,Jugadors Exteriors
2048055,J. JIMENEZ HERNANDEZ,4,Jugadors Exteriors
2048189,M. BARTOLOME COBLE,2,Bases Creadors/Anotadors
2048552,A. RODRÍGUEZ ORTA,3,Pivots Interiors
2049008,S. TELL SOLER,0,Role Players Limitats
2049031,M. TORNÉ DELAURENS,1,Jugadors Interiors
2049036,G. VIÑALLONGA BLANCO,3,Pivots Interiors
2049100,J. RODRÍGUEZ ESPÉS,4,Jugadors Exteriors
2049105,P. GRANJA I BERNAD,4,Jugadors Exteriors
2049367,P. SAIZ FUENTES,4,Jugadors Exteriors
2049538,R. SANAHUJA TRESERRAS,0,Role Players Limitats
2049550,A. SALÓ BLAYA,1,Jugadors Interiors
2049586,A. TARRIDA TORRES,2,Bases Creadors/Anotadors
2049610,G. SOLA BEDMAR,4,Jugadors Exteriors
2050266,I. PLATTEEUW FERNANDEZ,3,Pivots Interiors
2050391,S. ESTEVES-GARCIA COFFI,3,Pivots Interiors
2050452,P. MONÉS RIERA,2,Bases Creadors/Anotadors
2050698,P. GONZÁLEZ BRUMOS,1,Jugadors Interiors
2050777,S. ROMEO FO,0,Role Players Limitats
2050874,O. TOURE JABBY,3,Pivots Interiors
2051253,À. MATENCIO UTIEL,4,Jugadors Exteriors
2051280,L. SALA MAS,4,Jugadors Exteriors
2052130,D. VILCHEZ HERNANDEZ,1,Jugadors Interiors
2053341,A. PEIRO COSMO,1,Jugadors Interiors
2054346,A. RUIZ CAÑAMERO,3,Pivots Interiors
2054845,J. ZANCA I PASCUAL,3,Pivots Interiors
2056426,M. SEGARRA BAQUES,1,Jugadors Interiors
2057547,V. SANCHEZ MOLINA,1,Jugadors Interiors
2057560,M. SUAREZ CANOSA,1,Jugadors Interiors
2058829,U. SANCHEZ DIAZ,4,Jugadors Exteriors
2059682,L. GIFREU LLARCH,2,Bases Creadors/Anotadors
2060201,J. CAMPENY LLOVERAS,2,Bases Creadors/Anotadors
2060590,S. SERRATO BALLETBO,4,Jugadors Exteriors
2061381,O. BALSELLS PLAZA,2,Bases Creadors/Anotadors
2062557,M. MARTINEZ LOPEZ,4,Jugadors Exteriors
2062616,T. ESTEVES VEHVILAINEN,0,Role Players Limitats
2062725,E. DUQUE NEGRÍN,2,Bases Creadors/Anotadors
2062824,I. MAYORGA BARBA,1,Jugadors Interiors
2063000,I. SANZ ARDID,4,Jugadors Exteriors
2063208,A. FROUFE PEREZ,4,Jugadors Exteriors
2063626,B. PAÑART POSTIGO,4,Jugadors Exteriors
2063915,E. FRUTOS MOYANO,1,Jugadors Interiors
2064061,J. PÁEZ ÁVILA,0,Role Players Limitats
2065116,P. JOVER SANS,0,Role Players Limitats
2065334,A. GUERRA LOZANO,4,Jugadors Exteriors
2065452,J. SANTANO BARTOLOME,3,Pivots Interiors
2065789,A. CASADO MANCERAS,4,Jugadors Exteriors
2066425,R. VARELA SANCHEZ,0,Role Players Limitats
2066483,O. LEDEZMA CHOMON,1,Jugadors Interiors
2067733,H. ARROYO POUSADA,0,Role Players Limitats
2067751,Ó. PÉREZ LÓPEZ,1,Jugadors Interiors
2069009,L. ALBEROLA GUILLOT,4,Jugadors Exteriors
2069369,M. ABITBOL VIERA,1,Jugadors Interiors
2070535,R. VICENTE SIMO,4,Jugadors Exteriors
2071926,H. MUÑOZ BIOTA,0,Role Players Limitats
2072430,A. LOPEZ ROMERA,4,Jugadors Exteriors
2072778,J. SANTOS RODRÍGUEZ,4,Jugadors Exteriors
2073295,R. VALERO LOPEZ,4,Jugadors Exteriors
2074012,E. SUAREZ BOLLEN,1,Jugadors Interiors
2074271,X. ALMIRALL CANALS,1,Jugadors Interiors
2074609,D. IRUELA RUBIO,2,Bases Creadors/Anotadors
2076072,À. RIERA PERETÓ,1,Jugadors Interiors
2076102,P. COLL QUINTANAS,2,Bases Creadors/Anotadors
2076803,A. BALTÀ CASTELLTORT,1,Jugadors Interiors
2077062,J. PORRA MAESTRE,0,Role Players Limitats
2077155,M. GASPA IBAÑEZ,2,Bases Creadors/Anotadors
2077620,M. TALAMINO COLLADO,0,Role Players Limitats
2080004,G. FERNANDEZ GIMENEZ,4,Jugadors Exteriors
2080046,A. ROSELL BAUTISTA,0,Role Players Limitats
2080794,A. DIEZ VALERO,4,Jugadors Exteriors
2081063,D. LORAS MONTERO,3,Pivots Interiors
2081670,G. NASPLER PEREZ,2,Bases Creadors/Anotadors
2081709,E. DEL CASTILLO LINDO,2,Bases Creadors/Anotadors
2082268,S. MEREBASHVILI KHUTASHVILI,1,Jugadors Interiors
2082677,G. GONZALEZ GARCIA,3,Pivots Interiors
2082687,I. PEDROSA BELLES,4,Jugadors Exteriors
2083643,Á. DE JUANAS ILLIDGE,1,Jugadors Interiors
2084170,P. MAGUNAZELAIA EGUEN,1,Jugadors Interiors
2084759,P. FUMANAL FERNANDEZ,0,Role Players Limitats
2084765,C. IGLESIAS GRACIA,0,Role Players Limitats
208569,A. CORBACHO DE LA CRUZ,4,Jugadors Exteriors
2085962,A. CASTILLO ORTEGA,3,Pivots Interiors
2087017,D. MONTESDEOCA SANTANA,1,Jugadors Interiors
2087057,D. CAMEROS JUAN,3,Pivots Interiors
2087295,J. ROIG MESA,4,Jugadors Exteriors
2087557,J. MUÑOZ PALENCIA,4,Jugadors Exteriors
2087641,D. GONZALEZ FERRER,3,Pivots Interiors
2087811,M. HEREDIA CAMACHO,4,Jugadors Exteriors
2087849,D. HOLGADO CUELLAR,2,Bases Creadors/Anotadors
2087872,V. IGLESIAS MARTINEZ,0,Role Players Limitats
2087873,R. MARTINEZ GIMENEZ,1,Jugadors Interiors
2087878,D. SAEZ GIL,1,Jugadors Interiors
2087916,V. NEGRE FABREGAT,4,Jugadors Exteriors
2089434,M. ALONSO ARNEDO,4,Jugadors Exteriors
2089482,D. LARA CALDERA,1,Jugadors Interiors
2089697,G. FEMENIA GUILLEM,0,Role Players Limitats
2090295,E. LLACER SIMLAT,2,Bases Creadors/Anotadors
2090316,O. ROIG VALERO,0,Role Players Limitats
2092444,N. RAMOS CAMPOS,4,Jugadors Exteriors
2092573,E. JUARROS CASTAÑO,4,Jugadors Exteriors
2093026,A. JACKSON,3,Pivots Interiors
2093289,M. BERNADÍ VALLS,3,Pivots Interiors
2093358,P. CAMÍ GALERA,2,Bases Creadors/Anotadors
2094695,B. PIETRAS,3,Pivots Interiors
2094975,R. LOPEZ RIVERA,4,Jugadors Exteriors
2095996,D. GARCÍA GAZQUEZ,2,Bases Creadors/Anotadors
2096566,J. VILASANCHEZ FREIJOMIL,1,Jugadors Interiors
2096587,J. REYES BARRANCO,4,Jugadors Exteriors
2096631,J. CERISUELO QUESADA,3,Pivots Interiors
2096980,A. DE LA CAL DOMINGUEZ,2,Bases Creadors/Anotadors
2096997,P. VILLAGRASA TORTAJADA,3,Pivots Interiors
2097735,L. ALONSO MENOR,4,Jugadors Exteriors
2097995,D. FISHER POMAR,2,Bases Creadors/Anotadors
2098415,A. ALMONACID RUBIO,2,Bases Creadors/Anotadors
2098548,L. DALLACOSTA ORTIZ,4,Jugadors Exteriors
2098636,A. FERNANDEZ FERNANDEZ,2,Bases Creadors/Anotadors
2099277,E. CONDE LAKUNTZA,4,Jugadors Exteriors
2099517,A. PARRA RIVERA,3,Pivots Interiors
2099594,R. QUIROS HERNANDEZ,4,Jugadors Exteriors
2099645,X. FRIAS NAVARRO,2,Bases Creadors/Anotadors
2099945,A. ARCONES DURAND,1,Jugadors Interiors
2100308,A. BARRENADA PEDREGAL,0,Role Players Limitats
2100497,A. GADEA HIERRO,2,Bases Creadors/Anotadors
2100605,M. ANTONI RODRIGUEZ,1,Jugadors Interiors
2100967,P. FERRI BARCENAS,1,Jugadors Interiors
2100996,G. PALAZON VICEDO,3,Pivots Interiors
2101092,M. VIGO RODRIGUEZ,4,Jugadors Exteriors
2101347,D. MARTINEZ LOPEZ,2,Bases Creadors/Anotadors
2101699,A. MIR AMATE,4,Jugadors Exteriors
2101748,O. HERNANDEZ HERNANDEZ,3,Pivots Interiors
2101884,A. MORENO GALIANO,1,Jugadors Interiors
2102036,A. SUCH LOPEZ,1,Jugadors Interiors
2102045,S. TORRES GARCÍA,2,Bases Creadors/Anotadors
2102105,O. TALENS ALBERO,0,Role Players Limitats
2103143,A. RODRÍGUEZ LEIRO,3,Pivots Interiors
2103192,A. PEREZ RIPOLL,1,Jugadors Interiors
2103216,A. DIAGO ROS,3,Pivots Interiors
2103438,U. CHAGOYEN SALGUERO,1,Jugadors Interiors
2103560,A. REYES ABAD,3,Pivots Interiors
2104009,M. PEREZ SARRABLO,0,Role Players Limitats
2104348,P. VILLANUEVA LAZARO,2,Bases Creadors/Anotadors
210467,J. CORES BUENDIA,1,Jugadors Interiors
2108548,P. OSAWARU CUENCA,1,Jugadors Interiors
2108616,D. MASEDA SOILAN,3,Pivots Interiors
2108819,A. FERNANDEZ ORTEGA,1,Jugadors Interiors
2108993,F. SELLER BERNABE,0,Role Players Limitats
2109216,E. SALINERO GARCIA,4,Jugadors Exteriors
2109456,J. ABRIL RAMIRO,2,Bases Creadors/Anotadors
2109818,H. MATEO MERELLES,4,Jugadors Exteriors
2110086,J. NIELSEN HIDALGO MARTÍN,4,Jugadors Exteriors
2110130,K. DIKE EGUN,2,Bases Creadors/Anotadors
2111104,I. CASTRILLEJO MANCHON,3,Pivots Interiors
2111155,R. CHOITHRAMANI BLANCO,4,Jugadors Exteriors
2111958,U. TERRADILLOS MEZQUITA,1,Jugadors Interiors
2111972,A. BILBAO BORRAJO,1,Jugadors Interiors
2112479,A. FERRIZ SELLES,1,Jugadors Interiors
2113865,N. MARTINEZ TENDERO,1,Jugadors Interiors
2114387,J. SEGUI CAPELLA,0,Role Players Limitats
2116603,M. TRUJILLO BRAVO,2,Bases Creadors/Anotadors
2116663,J. ORAMAS MARTEL,4,Jugadors Exteriors
2116811,G. RODRIGUEZ SOLER,2,Bases Creadors/Anotadors
2117044,J. MARTÍNEZ GUZMÁN,4,Jugadors Exteriors
2117260,G. SABATER MARTINEZ,3,Pivots Interiors
2117861,E. GANDARA MARTIN,1,Jugadors Interiors
2117870,L. MEDAL COPPINI,2,Bases Creadors/Anotadors
2118686,J. NAVARRO MORALES,1,Jugadors Interiors
2118968,J. ROSA CABRERA,0,Role Players Limitats
2119953,A. GONZALEZ GARCIA,1,Jugadors Interiors
2120176,F. CANITROT LOPEZ,0,Role Players Limitats
2120287,J. CANDELA SOLO DE ZALDIVAR,4,Jugadors Exteriors
2121759,J. BESORA LLOR,1,Jugadors Interiors
2121869,N. PUERTA AGUIAR,1,Jugadors Interiors
2121912,A. CUADRA CRESPO,1,Jugadors Interiors
2122107,N. CAÑAS GIL,0,Role Players Limitats
2123074,A. ALMENARA SANABRIAS,0,Role Players Limitats
2123637,A. CASAIS ROMERO,4,Jugadors Exteriors
2123701,F. DIAZ ZARZUELA,3,Pivots Interiors
2124015,I. GARCÍA REYES,2,Bases Creadors/Anotadors
2125397,J. OLIVA SANCHEZ,1,Jugadors Interiors
2125634,J. GARCIA SANCHEZ,4,Jugadors Exteriors
2126447,M. CAMBON DOMINGUEZ,4,Jugadors Exteriors
2126796,E. RAMÓN FERNÁNDEZ,0,Role Players Limitats
2127170,J. GONZALEZ VAZQUEZ,0,Role Players Limitats
2127520,M. AYALA HERNANZ,4,Jugadors Exteriors
2131089,H. RAMON AÑIBARRO,4,Jugadors Exteriors
2131414,I. ERRASTI JUNGUITU,1,Jugadors Interiors
2131925,A. CAULIN TORNERO,1,Jugadors Interiors
2133764,P. PARRA GOMEZ,1,Jugadors Interiors
2134552,P. RODRIGUEZ FAJARDO,4,Jugadors Exteriors
2135692,O. PEÑA LOPEZ,1,Jugadors Interiors
2137337,A. PEREZ LOPEZ,0,Role Players Limitats
2138342,A. CASTELANOS POLA,1,Jugadors Interiors
2138600,A. HUELVES GARCIA,2,Bases Creadors/Anotadors
2139861,D. FERNANDEZ CAÑAS,3,Pivots Interiors
2141015,V. GADEA VALENCIA,1,Jugadors Interiors
2143598,V. MAS VIDAL ,3,Pivots Interiors
2144133,P. ARISTA CALLAU,2,Bases Creadors/Anotadors
2144354,P. MEJIA SERRANO,2,Bases Creadors/Anotadors
2144599,A. VIVES HURTADO,1,Jugadors Interiors
2145811,S. DIALLO TAVARES,4,Jugadors Exteriors
2145820,D. FONTANALS MUÑOZ,4,Jugadors Exteriors
2145902,F. TORREBLANCA CATALAN,4,Jugadors Exteriors
2145906,I. IBAÑEZ DE ELEJALDE MORALES,0,Role Players Limitats
2145914,S. KONTE SYLLA,2,Bases Creadors/Anotadors
2146017,G. ROS FERNANDEZ,0,Role Players Limitats
2146670,P. CAMPENY LLOVERAS,2,Bases Creadors/Anotadors
2148183,B. VINYET RIERA,1,Jugadors Interiors
2148652,E. SANMARTIN I SORIA,1,Jugadors Interiors
2148764,M. ROSADO FORNIES,3,Pivots Interiors
2148989,P. NAVARRO POLO,4,Jugadors Exteriors
2149182,D. BALDE HERNANDEZ,3,Pivots Interiors
2150510,J. PUMAROLA AGUILAR,2,Bases Creadors/Anotadors
2150941,F. VILAR FERNANDEZ,3,Pivots Interiors
2151257,G. LOZANO MASSANET,4,Jugadors Exteriors
2151522,I. SOLER VALENZUELA,1,Jugadors Interiors
2151562,O. THIAM PEDRERA,3,Pivots Interiors
2151722,P. PEÑA NAVARRETE,1,Jugadors Interiors
2153148,D. SALVADOR ESCUDER,4,Jugadors Exteriors
2153495,J. SALO BLAYA,1,Jugadors Interiors
2153599,L. PLUVINET PEDROSA,2,Bases Creadors/Anotadors
2153761,A. GARCIA MARTINEZ,1,Jugadors Interiors
2154303,J. MARBÀ RECASENS,0,Role Players Limitats
2155398,P. BERMEJO JARAMILLO,0,Role Players Limitats
2156303,A. GARCIA BORREGO,1,Jugadors Interiors
2156420,M. GARCIA IBAÑEZ,0,Role Players Limitats
2158121,M. LOPEZ VILLENA,2,Bases Creadors/Anotadors
2159101,N. DEL VAL GARCIA,4,Jugadors Exteriors
2159488,M. LOPEZ SAURA,0,Role Players Limitats
2159614,S. IBORRA BARRERA,0,Role Players Limitats
2160027,K. SHERMAN,3,Pivots Interiors
2160246,R. MALLIK BOUNAD,2,Bases Creadors/Anotadors
2161119,M. ALONSO MENOR,4,Jugadors Exteriors
2161529,M. SOLA IDRISU,2,Bases Creadors/Anotadors
2161580,A. APARICIO IZQUIERDO,4,Jugadors Exteriors
2161639,A. SANCHEZ OLLERO,1,Jugadors Interiors
2161988,K. MONTAÑO LINARES,2,Bases Creadors/Anotadors
2162105,F. GARRIDO TEBAN,3,Pivots Interiors
2162497,S. PARADELA PARIS,4,Jugadors Exteriors
2162563,A. LASO CAREAGA,2,Bases Creadors/Anotadors
2163060,G. GARCÍA BURGOS,2,Bases Creadors/Anotadors
2163473,D. SANCHEZ PEREZ,2,Bases Creadors/Anotadors
2163729,J. ALONSO HERNANDEZ,4,Jugadors Exteriors
2163830,R. MARQUINA ROMERO,4,Jugadors Exteriors
2164048,R. OLIVARES PUENTE,0,Role Players Limitats
2164251,J. MARTIN FERNANDEZ,3,Pivots Interiors
2164732,J. MOYA MARTINEZ,4,Jugadors Exteriors
2164737,S. DOMINGUEZ ALEIXANDRE,1,Jugadors Interiors
2164754,I. GARCIA GALLARDO,3,Pivots Interiors
2164774,S. HANSEN GUTIERREZ,0,Role Players Limitats
2164788,J. LAMBAS VIVANCOS,2,Bases Creadors/Anotadors
2164905,P. TOMICO RUIZ,0,Role Players Limitats
2165733,P. ROBLES LLANOS,2,Bases Creadors/Anotadors
2165883,A. SOBRINO ESCOBAR,4,Jugadors Exteriors
2165926,V. VICENT TORTOSA,4,Jugadors Exteriors
2165978,J. BEDIA FERRER,3,Pivots Interiors
2166515,R. MARTINEZ BERTOMEU,0,Role Players Limitats
2166517,D. GONZALEZ CASTRO,4,Jugadors Exteriors
2166642,R. MATOS DISLA,1,Jugadors Interiors
2167482,P. REYES ZUR,1,Jugadors Interiors
2167744,F. CHEKRI KOURAYCHE,2,Bases Creadors/Anotadors
2167745,F. CHEKRI KOURAYCHE,1,Jugadors Interiors
2167753,D. CARRETERO GARCIA,4,Jugadors Exteriors
2167755,J. LÓPEZ YUSTE,4,Jugadors Exteriors
2167756,A. MARTÍN CASTAÑEDA,1,Jugadors Interiors
2170424,J. MARTINEZ YAGO,3,Pivots Interiors
2171580,M. GRAU MAESO,1,Jugadors Interiors
2171775,M. OCHOGAVIA CIFRE,1,Jugadors Interiors
2172325,J. PAREDES BERMEJO,4,Jugadors Exteriors
2172887,M. HETOR MENSAH,3,Pivots Interiors
2173291,J. SANCHEZ ROSENDE,4,Jugadors Exteriors
2173795,M. CARCOBA BEDIA,1,Jugadors Interiors
2174329,N. MARINA PARRA,2,Bases Creadors/Anotadors
2174477,I. LUACES PENIN,0,Role Players Limitats
2175154,R. DEL RIO RAMIREZ,0,Role Players Limitats
2175208,S. PERIS SANCHEZ-FERRAGUT,0,Role Players Limitats
2175677,P. OSÉS BERNALDÉZ,2,Bases Creadors/Anotadors
2175683,S. VALIENTE RODRIGUEZ,0,Role Players Limitats
2175844,J. MESADO PLANELLS,1,Jugadors Interiors
2176449,A. LOPEZ MARTINEZ,2,Bases Creadors/Anotadors
2177063,B. BAILLO HERNÁNDEZ,1,Jugadors Interiors
2177613,A. LOZANO MARTINEZ,4,Jugadors Exteriors
2177779,C. LUIS QUINTERO ,4,Jugadors Exteriors
2177856,X. QUINTELA VALCARCEL,0,Role Players Limitats
2177858,J. MARTINEZ FERREIRO,4,Jugadors Exteriors
2178599,J. SANGUINO PEREZ,0,Role Players Limitats
2178603,F. BRAVO FUENTENEBRO,4,Jugadors Exteriors
2178646,U. DIEZ MONJAS,0,Role Players Limitats
2178977,B. VIDARTE CANO,4,Jugadors Exteriors
2179434,R. POPA ANDREI,2,Bases Creadors/Anotadors
2179862,D. PARRA GOMEZ,4,Jugadors Exteriors
2180378,A. DE FELIPE JARQUE,1,Jugadors Interiors
2180705,D. HOYAS PEREZ,1,Jugadors Interiors
2180737,D. MASIP CANTERO,3,Pivots Interiors
2180855,J. REBOLLO SANCHEZ,0,Role Players Limitats
2180937,T. TALCIS GRIKIETIS,3,Pivots Interiors
2180942,I. EGIDO MUÑOZ,4,Jugadors Exteriors
2181003,R. RODRIGUEZ GALVAN,2,Bases Creadors/Anotadors
2181167,Á. SONEIRA BOO,0,Role Players Limitats
2182092,M. NIANG,3,Pivots Interiors
2182582,J. ZAPATA SERRA,1,Jugadors Interiors
2182740,J. MAS MICO,0,Role Players Limitats
2183774,A. MIRANDA GARCIA,4,Jugadors Exteriors
2183870,A. GOMEZ CABAL,4,Jugadors Exteriors
2183928,O. CASTRILLON RODRIGUEZ,3,Pivots Interiors
2183963,S. RODRIGUEZ SANCHEZ,0,Role Players Limitats
2185735,C. RESINA LINZOAIN,0,Role Players Limitats
2185923,M. MELGAR ZORITA,1,Jugadors Interiors
2188463,K. DE CASTRO HURTADO,2,Bases Creadors/Anotadors
2188464,A. VELASCO BILBAO,2,Bases Creadors/Anotadors
2188466,J. RODRIGUEZ LAGUNA,1,Jugadors Interiors
2188479,B. ETXEBERRIA AGUIRREZABALA,3,Pivots Interiors
2188482,G. HUESO GUTIERREZ,4,Jugadors Exteriors
2188563,J. LÓPEZ GARCÍA,1,Jugadors Interiors
2189198,B. FERNANDEZ SHEPHARD,3,Pivots Interiors
2189390,S. RODRÍGUEZ TAPIA,0,Role Players Limitats
2189816,R. VILLAR CORNAGO,2,Bases Creadors/Anotadors
2190157,E. NAVARRO VALDÉS,1,Jugadors Interiors
2190620,X. ROSÀS MARCO,2,Bases Creadors/Anotadors
2193669,M. GONZALEZ DE UBIETA BELLO,4,Jugadors Exteriors
2194530,P. MARRÓN ROSA,2,Bases Creadors/Anotadors
2199084,J. SECO YANES,0,Role Players Limitats
2199699,H. VALLE PARAMIO,0,Role Players Limitats
2201159,D. REYES BARRANCO,3,Pivots Interiors
2201252,J. TORRES VELEZ,1,Jugadors Interiors
2201855,A. RODRIGUEZ TORRERO,1,Jugadors Interiors
2202731,A. CABALLERO ROMERO,2,Bases Creadors/Anotadors
2203162,J. LÓPEZ RUIZ,4,Jugadors Exteriors
2203181,J. ORTEGA MORA,2,Bases Creadors/Anotadors
2203204,J. PINA GUISADO ,2,Bases Creadors/Anotadors
2203272,J. PINA TRONCOSO,4,Jugadors Exteriors
2203669,A. ELIAS GALLEGOS,1,Jugadors Interiors
2203814,D. VIERA LOPEZ,3,Pivots Interiors
2203936,J. BAENA DELGADO,4,Jugadors Exteriors
2205468,A. NUÑO CASTRO,4,Jugadors Exteriors
2206967,M. CASERO MIGLIAVACCA,4,Jugadors Exteriors
2209647,D. CEBOLLA PORCAR,2,Bases Creadors/Anotadors
2211585,J. CLIMENT GOMIS,2,Bases Creadors/Anotadors
2211828,P. BENEDICTO MONTANER,0,Role Players Limitats
2212243,M. MONTES LLANEZA,0,Role Players Limitats
2213205,H. ISMAEL BOUZIT,0,Role Players Limitats
2215800,M. GARRIDO TALENS,1,Jugadors Interiors
2215801,A. IGBINS DAVID,3,Pivots Interiors
2216697,I. ALONSO QUINZA,4,Jugadors Exteriors
2217246,E. HUIZI ZUBELDIA,4,Jugadors Exteriors
2217247,M. SORARRAIN AGIRREZABALA,1,Jugadors Interiors
2217819,G. DÍAZ VIDAL,1,Jugadors Interiors
2218175,N. CEBRIAN HERNANDEZ,4,Jugadors Exteriors
2218284,I. LEMAZA PRADO,1,Jugadors Interiors
2218479,P. BELLVER VALIENTE,4,Jugadors Exteriors
2218560,D. GARCIA CASARRUBIOS CASTRO,3,Pivots Interiors
2218956,J. IBRAEV CARULLA,0,Role Players Limitats
2219955,P. DIOP,1,Jugadors Interiors
2219988,M. EZOMO GERVILLA,2,Bases Creadors/Anotadors
2220311,A. CAÑAS-BALIÑA MENGIBAR,4,Jugadors Exteriors
2220524,A. MARTIN BONNEMAISON,0,Role Players Limitats
2220551,M. GARCIA VARONA,4,Jugadors Exteriors
2221352,A. ROLDAN PIMENOV,4,Jugadors Exteriors
2221478,C. KLOTZ MAROTO,2,Bases Creadors/Anotadors
2221548,J. VALERO MORANT,1,Jugadors Interiors
2221979,D. LOZANO GIMÉNEZ,2,Bases Creadors/Anotadors
2222436,S. GALLEGO MOGRO,3,Pivots Interiors
2222501,M. ZURITA RUEDA,0,Role Players Limitats
2222601,A. MIGUEL TORRERO,2,Bases Creadors/Anotadors
2222879,H. MARTORELL TRONCHONI,1,Jugadors Interiors
2223407,A. DIAZ CARBALLO,1,Jugadors Interiors
2224898,M. PACÍFICO CANTARELLI,4,Jugadors Exteriors
2225100,M. PEREZ RINCON,3,Pivots Interiors
2225315,G. GIMENEZ FERNANDEZ,2,Bases Creadors/Anotadors
2225592,J. MOLINA MELENDEZ,4,Jugadors Exteriors
2226821,P. FLUXA PAYERAS,1,Jugadors Interiors
2227125,C. HERNÁNDEZ MARTÍN,4,Jugadors Exteriors
2227587,G. TAVIER MONTOYA,1,Jugadors Interiors
2231347,Á. PINTO MEDINA,0,Role Players Limitats
2233345,A. VAICIUNAS,1,Jugadors Interiors
2234472,D. GARCÍA PERIAÑEZ,0,Role Players Limitats
2234537,J. PEREZ MALPICA,0,Role Players Limitats
2234569,A. VIZCAINO EVANGELISTA,1,Jugadors Interiors
2237206,J. VIGUER GARCÍA DE LA VEGA,2,Bases Creadors/Anotadors
2237400,B. MALONE NAVARRO,0,Role Players Limitats
2237528,F. RAMIREZ SANZ,2,Bases Creadors/Anotadors
2237638,J. GUERRERO PEREZ,3,Pivots Interiors
2237878,P. SEVILLA NAVARRO,1,Jugadors Interiors
2239187,M. NEILA CANTERA,0,Role Players Limitats
2239966,M. PELAEZ SALINAS,0,Role Players Limitats
2240101,L. MONÉS RIERA,4,Jugadors Exteriors
2241509,H. RUIZ ZAMORANO,2,Bases Creadors/Anotadors
2242770,M. PEREZ CHAFINO,3,Pivots Interiors
2245479,M. RODRÍGUEZ BLANCO,0,Role Players Limitats
2245705,A. LAGUNILLA AGIRRE,1,Jugadors Interiors
2245833,A. OLIVEIRA GETE,1,Jugadors Interiors
2247599,M. LAGUNA RODRIGUEZ,2,Bases Creadors/Anotadors
2248319,S. VLAHOVIC ,1,Jugadors Interiors
2248492,R. CARRETERO GONZALEZ,4,Jugadors Exteriors
2249280,D. TRUEBA TAMAYO,4,Jugadors Exteriors
2249298,A. ESCOBAR NIEBLAS,3,Pivots Interiors
2250460,P. SOW,1,Jugadors Interiors
2250610,A. SANCHEZ PERDIGUERO,3,Pivots Interiors
2252180,M. SMITH ,2,Bases Creadors/Anotadors
2253736,D. BERRUGA SAEZ,1,Jugadors Interiors
2254125,E. MARCIEL,3,Pivots Interiors
2254229,D. ALMENARA SANABRIAS,0,Role Players Limitats
2255140,A. MOYA ONATE,4,Jugadors Exteriors
2257674,J. LARREA IBARBURU,2,Bases Creadors/Anotadors
2257677,J. CAMARERO GARAI,4,Jugadors Exteriors
2257749,A. GORDILLO BELTRAN,2,Bases Creadors/Anotadors
2257750,O. DE LAS HERAS PEREZ,2,Bases Creadors/Anotadors
2259009,M. ZORROZUA HERRERO,2,Bases Creadors/Anotadors
2263535,J. RODRIGUEZ CAPELLIN,0,Role Players Limitats
2264045,J. PAJARES HERANCE,0,Role Players Limitats
2265449,P. VERDU SCHLIE,1,Jugadors Interiors
2266238,I. CHACON RODRIGUEZ,2,Bases Creadors/Anotadors
2266677,A. RODRIGUEZ PLAZA,0,Role Players Limitats
2267533,D. CRUZ SOCHALOVA,0,Role Players Limitats
2267716,P. GUINDO CASTILLO,0,Role Players Limitats
2267726,R. HENRIQUE RIBEIRO FORMOSO,3,Pivots Interiors
2268042,D. MARTIN CARMONA,0,Role Players Limitats
2269026,J. SÁNCHEZ ROMERO,1,Jugadors Interiors
2269310,J. BALDERAS MARTÍN,2,Bases Creadors/Anotadors
2269476,J. MARTIN ROMERA,1,Jugadors Interiors
2271635,D. GUERRERO JONSSON,0,Role Players Limitats
2272992,T. LIBERATORE DRAGAM,0,Role Players Limitats
2274746,P. SALO BLAYA,3,Pivots Interiors
2275384,I. ARTECHE URRUZOLA,3,Pivots Interiors
2275883,L. BULASHVILI ,2,Bases Creadors/Anotadors
2275950,E. UDE,3,Pivots Interiors
2276147,M. DIAGNE,3,Pivots Interiors
2276238,S. MBANSOGO OBIANG,4,Jugadors Exteriors
2276302,A. MARCOS SÁNCHEZ,4,Jugadors Exteriors
2276328,J. ROSA DE SOU DA SIL,4,Jugadors Exteriors
2276692,M. VANCEA,1,Jugadors Interiors
2277432,H. CARRON GRILLO,4,Jugadors Exteriors
2277572,N. CLEDJO,3,Pivots Interiors
2277823,A. KARGBO GRACIA,2,Bases Creadors/Anotadors
2278897,A. BENITEZ TAMAYO,1,Jugadors Interiors
2279090,G. ZALAZAR RODRIGUEZ,2,Bases Creadors/Anotadors
2280219,E. CARPINTERO REVILLA,1,Jugadors Interiors
228269,L. VERDEGUER FERRER,3,Pivots Interiors
2283530,H. VELAZQUEZ PÉREZ,0,Role Players Limitats
2284271,M. GARCIA-PLATA NIETO,4,Jugadors Exteriors
2286044,I. RUPEREZ NUÑEZ-MORGADES,2,Bases Creadors/Anotadors
2286919,H. SANCHEZ EXPOSITO,4,Jugadors Exteriors
2287056,J. VICENTE BOSCH,2,Bases Creadors/Anotadors
2287331,R. ALOGO EVUNA,2,Bases Creadors/Anotadors
2289056,I. LUCENTE,3,Pivots Interiors
2289458,D. DELGADO SAURA,4,Jugadors Exteriors
2289462,J. GARCIA GARCIA,1,Jugadors Interiors
2291622,L. ANDRES ARENAS,4,Jugadors Exteriors
2292751,M. IBÁÑEZ USERO,0,Role Players Limitats
2293780,A. GUTIERREZ MARCO,3,Pivots Interiors
2294536,P. HERNANDEZ RODRIGUEZ,0,Role Players Limitats
2297835,M. FERNANDEZ VEGA,1,Jugadors Interiors
2298041,N. LOPEZ ALVAREZ-TIRADOR,4,Jugadors Exteriors
2298492,D. GÜEMES LÓPEZ,0,Role Players Limitats
2300084,E. MADINABEITIA GARCIA,2,Bases Creadors/Anotadors
2300085,E. ERRASTI DIEZ,2,Bases Creadors/Anotadors
2300088,J. LORENZO FERNANDEZ,0,Role Players Limitats
2300932,S. MARTIN DIEZ,4,Jugadors Exteriors
2303399,E. MARTINEZ CENDON,2,Bases Creadors/Anotadors
2303406,L. BARRUETABEÑA RODRIGUEZ,2,Bases Creadors/Anotadors
2304342,E. NGOM,3,Pivots Interiors
2306151,R. DOBOS,0,Role Players Limitats
2306897,A. MARTINEZ SANCHO,4,Jugadors Exteriors
23152,E. ALMAZÁN SIERRA,2,Bases Creadors/Anotadors
2319120,R. MARTIN BENITEZ,1,Jugadors Interiors
2320130,J. OMOARUNA OSAZUWA,1,Jugadors Interiors
2323195,Á. CHAPARRO CARRASCO,4,Jugadors Exteriors
2323853,M. SANCHEZ FERNANDEZ,0,Role Players Limitats
2325527,A. DIENG,1,Jugadors Interiors
2326466,J. ALBA GABALÓN,2,Bases Creadors/Anotadors
2327175,A. BLANCO BARAZAR,2,Bases Creadors/Anotadors
2327368,H. PEINADO RODRIGUEZ,1,Jugadors Interiors
2327409,M. COINSIDINE JIMENEZ,0,Role Players Limitats
2330705,J. VAZQUEZ SUAREZ,0,Role Players Limitats
2331256,F. JIMENEZ MARTINEZ,1,Jugadors Interiors
2331318,J. VALERO CHICA,3,Pivots Interiors
2331360,J. RUIZ JODAR ,3,Pivots Interiors
2331448,M. LOPEZ PERAGON,0,Role Players Limitats
2331454,N. JIMÉNEZ MARTÍNEZ ,0,Role Players Limitats
2333323,O. HUSTAK,3,Pivots Interiors
2333601,O. OSUNDE OKPERAN,1,Jugadors Interiors
2333748,M. ZURUTUZA AMOZARRAIN,0,Role Players Limitats
2334297,L. SANCHEZ FERNANDEZ,2,Bases Creadors/Anotadors
2334582,A. LUGO NITSCHE,4,Jugadors Exteriors
2334768,U. CONDE LAKUNTZA,4,Jugadors Exteriors
2335169,U. PEREZ SANZ,4,Jugadors Exteriors
2335190,A. CALVO TORRES,2,Bases Creadors/Anotadors
2335590,P. SANCHO MORAGA,2,Bases Creadors/Anotadors
2335903,J. ARNAIZ VEGA,2,Bases Creadors/Anotadors
2335904,S. ARNAIZ VEGA,2,Bases Creadors/Anotadors
2337321,M. POVEDA CASTELLO,3,Pivots Interiors
2338041,J. ROBERTO JUREVICIUS,1,Jugadors Interiors
2339014,U. MADARIAGA ANTUÑANO,3,Pivots Interiors
2345667,A. PEREZ PEREZ,2,Bases Creadors/Anotadors
2345673,M. ERRASTI UGARTE,4,Jugadors Exteriors
2345675,M. AMESTI MAORTUA,0,Role Players Limitats
2349443,S. GUEYE,3,Pivots Interiors
2349620,C. OKITO KANYINDA,3,Pivots Interiors
2351010,J. GALLOSO GALEA,4,Jugadors Exteriors
2352239,H. CASTRO RODRÍGUEZ,0,Role Players Limitats
2352302,L. FOFANA,3,Pivots Interiors
2352864,A. KEITA,3,Pivots Interiors
2353913,B. RODRÍGUEZ BELTRAN,1,Jugadors Interiors
2361218,A. AZNAR MARTINEZ,3,Pivots Interiors
2361660,A. MINTEGUI COSTA,1,Jugadors Interiors
2362974,J. GONZALEZ NOGALES,4,Jugadors Exteriors
2364931,A. PEREZ CONTI,1,Jugadors Interiors
2365432,A. ROLDAN DE LA PORTILLA,1,Jugadors Interiors
2366622,D. PEREZ ABELLEIRA,0,Role Players Limitats
2367305,G. MEJIA ACOSTA,3,Pivots Interiors
2367621,I. CAMPOY GALVEZ,4,Jugadors Exteriors
2369017,L. GARCIA LARRACHE SEGURA,2,Bases Creadors/Anotadors
2369149,M. GARCIA LOPEZ,4,Jugadors Exteriors
2370182,O. HADI ADEGBITE,3,Pivots Interiors
2371328,V. TAVERAS RAFAEL,3,Pivots Interiors
2371575,C. HEILMANN POTRIE,3,Pivots Interiors
2373259,B. SARANOVIC,2,Bases Creadors/Anotadors
2373624,B. JANSSENS,3,Pivots Interiors
2375154,B. LEÓN TEJERA,0,Role Players Limitats
2375756,C. BELEMENE DZABATOU,3,Pivots Interiors
2375792,A. ARAICO QUINTANA,1,Jugadors Interiors
2375803,G. TSULAIA,4,Jugadors Exteriors
2376789,T. BARDASZ HERRERA,1,Jugadors Interiors
2377240,F. VALDIVIA SANTILLANA,0,Role Players Limitats
2377307,H. TAVIO SOLIS,4,Jugadors Exteriors
2377556,M. NDONG SARR,1,Jugadors Interiors
2378351,T. WOLKOWYSKI,3,Pivots Interiors
2378721,S. SIDDIQUE,1,Jugadors Interiors
2378757,A. ALDA IRAOLA,1,Jugadors Interiors
2380740,A. LAJAY BODEPARI,2,Bases Creadors/Anotadors
2382632,A. CATIVIELA AISA,2,Bases Creadors/Anotadors
2382801,J. PRIETO ALEJANDRE,1,Jugadors Interiors
2383849,L. ZIJIE,4,Jugadors Exteriors
2389588,P. SECK,1,Jugadors Interiors
2389941,A. NONGO N´SALA,1,Jugadors Interiors
2390650,F. NAVARRO ANTON,0,Role Players Limitats
2397403,I. VIVES SAURÍ,3,Pivots Interiors
2400216,J. LAPASTORA ARACIL,4,Jugadors Exteriors
2401549,D. MARTINEZ DE LA SERNA,0,Role Players Limitats
2405259,G. GISBERT CASAÑAS,0,Role Players Limitats
2405261,Y. BOUBACAR,3,Pivots Interiors
2405441,M. ZUBIZARRETA ALBIZU,0,Role Players Limitats
2405740,A. ROA RODRIGUEZ,1,Jugadors Interiors
2409482,A. RODRIGUEZ VILLEGAS,4,Jugadors Exteriors
2410213,A. FERNANDEZ AMESTOY,4,Jugadors Exteriors
2411621,G. LOPEZ TORRE,0,Role Players Limitats
2414699,T. BOUNDI,3,Pivots Interiors
2417157,J. LOPEZ CARO,0,Role Players Limitats
2421022,D. CORTES ANDRADES,1,Jugadors Interiors
2432349,F. RUESGA MORALES,2,Bases Creadors/Anotadors
2432380,E. KOYANOUBA DJIRANGAYE,3,Pivots Interiors
2432603,R. PARADIS,1,Jugadors Interiors
2432609,T. YOME,0,Role Players Limitats
2432611,L. FURLAN,2,Bases Creadors/Anotadors
2432802,D. STACHOVSKIJ,3,Pivots Interiors
2433043,L. VALERA VILLEGAS,2,Bases Creadors/Anotadors
2433060,P. NAKIDJIM,3,Pivots Interiors
2433310,K. VAN WIJK,2,Bases Creadors/Anotadors
2433494,S. NDOYE,3,Pivots Interiors
2433622,D. DIARRA,3,Pivots Interiors
2433692,M. NDIAYE SOW,3,Pivots Interiors
2434029,D. NOGAL MENDES PINHEIRO,4,Jugadors Exteriors
2434903,K. WRIGHT,2,Bases Creadors/Anotadors
2435864,G. PELLEGRINO,2,Bases Creadors/Anotadors
2436134,A. TRAORE,3,Pivots Interiors
2436141,K. MICHEE,4,Jugadors Exteriors
2436401,B. BADJI,3,Pivots Interiors
2436955,G. MUKENDI KABANGA,3,Pivots Interiors
2437328,D. HOGAN,1,Jugadors Interiors
2439473,K. RODRIGUEZ AGUILERA,2,Bases Creadors/Anotadors
2439563,M. KIRIS,3,Pivots Interiors
2439770,D. FERNÁNDEZ ANS,1,Jugadors Interiors
2440063,F. ORTEGA IBARRA,1,Jugadors Interiors
2440318,N. NORGAARD,2,Bases Creadors/Anotadors
2440631,F. RAICEVIC,2,Bases Creadors/Anotadors
2440815,D. DURU,2,Bases Creadors/Anotadors
2444602,L. RIGA,2,Bases Creadors/Anotadors
2445497,F. MORENO GUTIERREZ,0,Role Players Limitats
2445687,N. MAIGA,3,Pivots Interiors
2446581,M. VILLALBA BAULBYS,4,Jugadors Exteriors
2449346,J. VALERO CHICA,3,Pivots Interiors
2449582,A. OLIVO CAMPOS,2,Bases Creadors/Anotadors
2450097,J. MARTIN GARCIA,3,Pivots Interiors
2451187,Y. HOEXUM,2,Bases Creadors/Anotadors
2451267,A. ZURBRIGGEN ,2,Bases Creadors/Anotadors
2451324,A. GASE SECO,3,Pivots Interiors
2451360,G. GOMA,3,Pivots Interiors
2451397,C. BIHURRIET,3,Pivots Interiors
2451417,A. NOSA CASTILLO,1,Jugadors Interiors
2451550,J. QUINTA RAMOS,2,Bases Creadors/Anotadors
2451667,M. TORTAROLO,3,Pivots Interiors
2451736,M. MIRANDA AMARILLO,2,Bases Creadors/Anotadors
2451920,L. CERVANTES GUERRA,3,Pivots Interiors
2451922,J. NVE MALEVA,3,Pivots Interiors
2452278,K. BALKANDZHIEV,2,Bases Creadors/Anotadors
2452873,M. GIL LLIMONA,0,Role Players Limitats
2453512,P. BATLLE SOLE,0,Role Players Limitats
2460176,A. RECIO PIÑOL,1,Jugadors Interiors
2461597,A. SYLLA,1,Jugadors Interiors
2462345,I. WILLIS,2,Bases Creadors/Anotadors
2462479,I. REBERGEN,2,Bases Creadors/Anotadors
2467181,T. KEKENBOSCH,2,Bases Creadors/Anotadors
2469557,R. SANCHES CARDOSO MENDES,3,Pivots Interiors
2469932,A. ARMSTRONG,2,Bases Creadors/Anotadors
2470375,M. SANGARE,3,Pivots Interiors
2471556,D. NGUBA ETAME,3,Pivots Interiors
2476064,B. LIPASI YITU,3,Pivots Interiors
2476090,M. LANDOURE,3,Pivots Interiors
2478359,E. ARKARAZO BARRENETXEA,0,Role Players Limitats
2480434,D. MABIOR,3,Pivots Interiors
2480757,E. GUEYE,3,Pivots Interiors
2480762,G. GRINVALDS,4,Jugadors Exteriors
2480929,X. NEWSON,2,Bases Creadors/Anotadors
2481477,J. BOCCA,2,Bases Creadors/Anotadors
2481621,J. MORENO ESCOBAR,1,Jugadors Interiors
2499955,A. MAÏGA,3,Pivots Interiors
2500811,R. KIRALY SIMON,1,Jugadors Interiors
2500822,M. VORONIN,2,Bases Creadors/Anotadors
2501907,L. LARA SÁNCHEZ,0,Role Players Limitats
2507347,E. MARTINEZ ALVAREZ,4,Jugadors Exteriors
2509138,A. VASQUEZ BAUTISTA,3,Pivots Interiors
2510609,A. YAILO,3,Pivots Interiors
2515787,C. MALIK,2,Bases Creadors/Anotadors
2515797,K. FALL,3,Pivots Interiors
2524265,A. SYTAR,4,Jugadors Exteriors
2524334,L. PAUNOV,2,Bases Creadors/Anotadors
2524379,M. DIALLO,3,Pivots Interiors
2525088,V. BURGOS,4,Jugadors Exteriors
2525333,A. ARMENDARIZ LOPEZ,4,Jugadors Exteriors
2525430,M. LARA BARRACHINA,3,Pivots Interiors
2527061,R. JEFFRY,0,Role Players Limitats
2527147,J. MONTILLA GONZALEZ,3,Pivots Interiors
2527341,P. HARTMAN,1,Jugadors Interiors
2527936,D. WILLIAM,2,Bases Creadors/Anotadors
2528952,D. NIEBLA SANTOS,2,Bases Creadors/Anotadors
2528953,H. PETROVICS,2,Bases Creadors/Anotadors
2528974,A. ECHEVERRÍA SILLARD,4,Jugadors Exteriors
2528977,B. JEKABSONS,4,Jugadors Exteriors
2531980,N. KULISHENKO,3,Pivots Interiors
2532117,M. MANSOURI,1,Jugadors Interiors
2533473,A. GRELA ROJAS,2,Bases Creadors/Anotadors
2533793,A. FALL,3,Pivots Interiors
2534137,M. GRABEK,4,Jugadors Exteriors
2535255,N. CASTER,4,Jugadors Exteriors
2535384,M. BELLA CABAÑAS,2,Bases Creadors/Anotadors
2535385,I. JIMENEZ EL MERZOUG,4,Jugadors Exteriors
2536178,P. MURCIA SOLER,2,Bases Creadors/Anotadors
2543253,E. BUENO KNUTSEN,1,Jugadors Interiors
2544308,A. USAOLA REDONDO,2,Bases Creadors/Anotadors
2550510,A. KEITA,3,Pivots Interiors
2550554,S. KEITA,3,Pivots Interiors
2551418,S. STEFANOVIC,2,Bases Creadors/Anotadors
2551725,V. DEL GROSSO,2,Bases Creadors/Anotadors
2551733,P. BADDINI GABRIOTTI RODRIGUES,4,Jugadors Exteriors
2555207,Z. WILLIAMS,2,Bases Creadors/Anotadors
2555932,P. RECIO GONZÁLEZ,1,Jugadors Interiors
2557064,A. BOL,3,Pivots Interiors
2557065,N. GARMENDIA QUERO,0,Role Players Limitats
2557066,M. KHATIASHVILI,2,Bases Creadors/Anotadors
2557068,O. RODRIGUEZ ARREGUI,0,Role Players Limitats
2557069,U. RUA ALVAREZ,0,Role Players Limitats
2557072,A. ALAÑA UNZUE,4,Jugadors Exteriors
2557076,B. ERRASTI UGARTE,0,Role Players Limitats
2557086,E. BONILLA HERNANDEZ,4,Jugadors Exteriors
2557180,R. MAS GANDIA,1,Jugadors Interiors
2557718,S. VAL GUTIERREZ,1,Jugadors Interiors
2557720,M. GARCIA ROSELLO,2,Bases Creadors/Anotadors
2557724,D. MUZQUIZ GURREA,3,Pivots Interiors
2557836,F. NDIAYE,3,Pivots Interiors
2557839,J. CALLENBACH,4,Jugadors Exteriors
2557840,S. DAGOTTO,0,Role Players Limitats
2557844,I. KANE,3,Pivots Interiors
2558299,L. MC-CARTHY SANTOS,3,Pivots Interiors
2558496,D. OSAYI JAMES,3,Pivots Interiors
2558613,O. CERDÁ FREIRE,1,Jugadors Interiors
2559075,V. CEBRIA PUCHADES,1,Jugadors Interiors
2559900,J. CRESPO RAMIREZ,3,Pivots Interiors
2560392,J. UGARTE JAUREGUI,0,Role Players Limitats
2560395,J. SANTOS SINTES,1,Jugadors Interiors
2560959,J. BALASTEGUI MARTINEZ,2,Bases Creadors/Anotadors
2561282,Í. IBAÑEZ SERRANO,4,Jugadors Exteriors
2561296,P. RAMOS AISA,0,Role Players Limitats
2561463,D. FERRERAS CAMARERO,2,Bases Creadors/Anotadors
2565811,A. ANDZEVS,2,Bases Creadors/Anotadors
2572877,J. YELAMOS MAÑAS,4,Jugadors Exteriors
2577374,T. VAN BRANDWIJK,0,Role Players Limitats
2577614,W. BURGOS CABRERA,3,Pivots Interiors
2579454,H. LING,3,Pivots Interiors
2579455,K. SKUTYELNIK,4,Jugadors Exteriors
2579707,K. EL HADJI MALICK,1,Jugadors Interiors
2580914,D. DAMIAN,3,Pivots Interiors
2583233,G. GUERRA LOZANO,2,Bases Creadors/Anotadors
2586199,R. MATUS,4,Jugadors Exteriors
2586605,S. KVERNADZE,4,Jugadors Exteriors
2586616,S. SHARASHIDZE,2,Bases Creadors/Anotadors
2587165,M. MOELLER,3,Pivots Interiors
2587177,D. IBARLUCEA LAVIN,4,Jugadors Exteriors
2587227,E. CIRCUNS RIVERA,4,Jugadors Exteriors
2590769,P. GOMEZ MORENO,0,Role Players Limitats
2596635,J. DALGAARD DUUS,1,Jugadors Interiors
260690,J. ENRIQUEZ GONZALEZ,1,Jugadors Interiors
2610623,L. KRISPIN,2,Bases Creadors/Anotadors
2614861,C. DIALLO TOURE,3,Pivots Interiors
2615737,I. HOHULENKO,0,Role Players Limitats
2617043,K. KUTTA,4,Jugadors Exteriors
2617177,F. MINZER,2,Bases Creadors/Anotadors
2617202,A. ALVAREZ JORGE,0,Role Players Limitats
2617459,E. IBAEZ ALDAZABAL,4,Jugadors Exteriors
2617717,M. NIMAGA,3,Pivots Interiors
2618452,M. VAZQUEZ DOS SANTOS,2,Bases Creadors/Anotadors
2619944,J. VALENCIA MONTAÑO,3,Pivots Interiors
2621088,A. DAUSHVILI,2,Bases Creadors/Anotadors
2621782,E. AMANDIO,2,Bases Creadors/Anotadors
2622327,L. HOKANSON,4,Jugadors Exteriors
2639435,A. BUTAJEVAS,3,Pivots Interiors
2639960,W. MCDONALD,4,Jugadors Exteriors
2640096,A. POLITIS,1,Jugadors Interiors
2641325,M. ANDREATTA,3,Pivots Interiors
2641337,J. BOUMTJE BOUMTJE,2,Bases Creadors/Anotadors
2641439,R. MELGAREJO PINTO,4,Jugadors Exteriors
2641809,A. IGLESIAS GARCIA,4,Jugadors Exteriors
2642164,F. MONTIEL RODRIGUEZ,1,Jugadors Interiors
2642172,J. SIFTAR,2,Bases Creadors/Anotadors
2642414,I. FROLOV,3,Pivots Interiors
2642482,A. KONE,3,Pivots Interiors
2642683,K. DELGADO YEBOAH,2,Bases Creadors/Anotadors
2642753,F. PEREZ ORTIZ,1,Jugadors Interiors
2642760,F. PIRELA PEREZ,2,Bases Creadors/Anotadors
2642903,U. HROVAT,2,Bases Creadors/Anotadors
2642904,G. ARTMAN,2,Bases Creadors/Anotadors
2642939,Z. VÉRTES,2,Bases Creadors/Anotadors
2643232,S. JOKSIMOVIC,2,Bases Creadors/Anotadors
2643310,J. NEVES GLUCK PAUL ,2,Bases Creadors/Anotadors
2643355,E.  OGUNFOLU,3,Pivots Interiors
2643356,M. CVRKOTA,2,Bases Creadors/Anotadors
2643537,D. JUZBASIC,3,Pivots Interiors
2643657,R. GUERRA ZAYAS,2,Bases Creadors/Anotadors
2643974,K. MATUTE PERNER,3,Pivots Interiors
2644569,G. VOLPATO,4,Jugadors Exteriors
2644572,A. AKINWOLE,2,Bases Creadors/Anotadors
2644590,R. ESPINOZA OROZCO,2,Bases Creadors/Anotadors
2644692,M. GRUJICIC,2,Bases Creadors/Anotadors
2645221,D. KEITH CAMARA,2,Bases Creadors/Anotadors
2645377,M. SOLE MOURATAY,3,Pivots Interiors
2645454,D. COFFIE,1,Jugadors Interiors
2645673,M. KNOBLOCH,4,Jugadors Exteriors
2646196,A. SENGHOR,1,Jugadors Interiors
2647231,D. SHERIFF,3,Pivots Interiors
2647995,M. KEITA,3,Pivots Interiors
2647998,C. MURRAY,3,Pivots Interiors
2648124,A. RODRIGUEZ AGUILA,3,Pivots Interiors
2648453,O. OSTOFT,1,Jugadors Interiors
2648462,V. PIETUKHOV,0,Role Players Limitats
2648495,J. ANIKE,2,Bases Creadors/Anotadors
2648498,B. SCHUCH,2,Bases Creadors/Anotadors
2648610,L. CAMARA,3,Pivots Interiors
2649795,A. LINDNER,0,Role Players Limitats
2650738,B. CATALDO,3,Pivots Interiors
2650751,B. GONZÁLEZ RAMÍREZ,2,Bases Creadors/Anotadors
2650763,E. TERRERO OVALLES,2,Bases Creadors/Anotadors
2650781,G. NEVES MORAIS,4,Jugadors Exteriors
2650930,F. TSHILUMBA KONGOLO,3,Pivots Interiors
2651503,M. CACHOPAS GIL PRATES,2,Bases Creadors/Anotadors
2651856,J. WOJCIK,2,Bases Creadors/Anotadors
2653517,L. SIGISMONTI RODRÍGUEZ,2,Bases Creadors/Anotadors
2654199,K. TIMOTHE JEAN-MICHEL,3,Pivots Interiors
2657918,A. KRASTS,1,Jugadors Interiors
2659126,J. POTIER,2,Bases Creadors/Anotadors
2661261,R. RODRIGUEZ,2,Bases Creadors/Anotadors
2662049,A. BJELIC,4,Jugadors Exteriors
2664028,L. KUPAI,4,Jugadors Exteriors
2664220,W. ISNORD,3,Pivots Interiors
2666797,M. THIAW,3,Pivots Interiors
2670118,E. ZUSTOVICH,4,Jugadors Exteriors
2671279,I. DI SABATTO SANTAMARIA,0,Role Players Limitats
2679004,O. DIARRA,3,Pivots Interiors
2680875,O. CAMARA,3,Pivots Interiors
2683446,H. SCHOTTER,3,Pivots Interiors
2690845,F. NUÑEZ,2,Bases Creadors/Anotadors
2691896,R. HAYTAM,1,Jugadors Interiors
2703665,A. BUZZO,2,Bases Creadors/Anotadors
2703671,D. MILLS NALES,2,Bases Creadors/Anotadors
2704508,F. FERRARIA AMICI,2,Bases Creadors/Anotadors
2706562,J. TABOADA LUHERS,2,Bases Creadors/Anotadors
2708255,C. PALMIERI SEIF,0,Role Players Limitats
2709758,C. DIN PENDA,0,Role Players Limitats
2711878,D. ILINCIC,3,Pivots Interiors
2711938,Q. GJENERALI,2,Bases Creadors/Anotadors
2712042,K. GAYE,3,Pivots Interiors
2712057,A. ALFAMA AMARO,3,Pivots Interiors
2733305,S. RESOAGLI,1,Jugadors Interiors
2734372,A. HELGASON,4,Jugadors Exteriors
2734638,M. ERIKSSON,3,Pivots Interiors
2734732,E. PREKEVICIUS,4,Jugadors Exteriors
2734924,L. TODOROVSKI,3,Pivots Interiors
2735030,J. VERKERK,3,Pivots Interiors
2735244,G. SUVI,1,Jugadors Interiors
2735493,F. KAYSER,4,Jugadors Exteriors
2735659,A. VERA PICAZO,4,Jugadors Exteriors
2735828,K. BRUNOT,1,Jugadors Interiors
2736158,L. OKAFOR,1,Jugadors Interiors
2736207,N. URBANIAK,2,Bases Creadors/Anotadors
2736363,D. STOLBETSKIY,2,Bases Creadors/Anotadors
2736523,J. DAVINI,2,Bases Creadors/Anotadors
2736555,A. SIMON,3,Pivots Interiors
2737038,R. PETERS,3,Pivots Interiors
2737132,M. BAMADU,3,Pivots Interiors
2737274,R. LIUCVAIKIS,0,Role Players Limitats
2737275,D. VERSTRAETEN,3,Pivots Interiors
2737513,L. PLAVENIEKS,2,Bases Creadors/Anotadors
2737578,Y. DAGOTTO SEGURA,1,Jugadors Interiors
2738007,J. MALU,2,Bases Creadors/Anotadors
2738094,E. REBETEZ,4,Jugadors Exteriors
2738788,L. BERGSENG,3,Pivots Interiors
2738849,A. BIRD-JELINEK,2,Bases Creadors/Anotadors
2738852,S. NOHEL,3,Pivots Interiors
2739263,N. BURJEL,2,Bases Creadors/Anotadors
2739297,I. FRANCISCO,2,Bases Creadors/Anotadors
2739602,D. WILLIAMS,2,Bases Creadors/Anotadors
2739752,J. LEGANOVIC,2,Bases Creadors/Anotadors
2739753,C. MORTELLARO,3,Pivots Interiors
2739939,H. PAMUK,1,Jugadors Interiors
2739956,N. BANGALA,1,Jugadors Interiors
2739958,M. VINCITORIO,1,Jugadors Interiors
2740764,M. CRONOGORAC,1,Jugadors Interiors
2740885,S. GRADIN,0,Role Players Limitats
2740913,E. CAPOUE,2,Bases Creadors/Anotadors
2741971,P. HEPBURN,3,Pivots Interiors
2742223,L. LÓPEZ CALZADA,3,Pivots Interiors
2742501,F. TORNIMBENI,0,Role Players Limitats
2743264,M. GUEYE,2,Bases Creadors/Anotadors
2743301,M. DIEYE,1,Jugadors Interiors
2743302,M. SESAREGO ESPIÑA,4,Jugadors Exteriors
2743304,W. GUY III,2,Bases Creadors/Anotadors
2743305,C. TEASLEY JR,4,Jugadors Exteriors
2744339,P. SOUZA FIGUEIREDO,2,Bases Creadors/Anotadors
2745079,L. PAUL,2,Bases Creadors/Anotadors
2745283,E. AMANDIO,2,Bases Creadors/Anotadors
2745380,G. PIERRE-GABRIEL ANDREA GASTON,3,Pivots Interiors
2745467,V. CARRIZO ROMBERGER,2,Bases Creadors/Anotadors
2745560,D. ALLAHYARIAN,4,Jugadors Exteriors
2746607,A. ALEXANDRE,3,Pivots Interiors
2749730,N. RATIANI,3,Pivots Interiors
2749848,A. BUALÓ,2,Bases Creadors/Anotadors
2750262,P. MENDES LIMA,2,Bases Creadors/Anotadors
2752100,W. LEVEQUE,3,Pivots Interiors
2752205,J. REILLY,2,Bases Creadors/Anotadors
2752909,B. FRAGA CANTELAR,1,Jugadors Interiors
2753121,G. MAIGA,3,Pivots Interiors
2753207,O. BRAMBLE,3,Pivots Interiors
2753476,C. RODRIGUEZ LORA,2,Bases Creadors/Anotadors
2753938,J. ESPINAL REYNOSO,3,Pivots Interiors
2754695,W. TAVARES DE BRITO,3,Pivots Interiors
2755985,J. NDJUNGU,3,Pivots Interiors
2756381,H. BODE,3,Pivots Interiors
2757025,J. JORBA VILLA,0,Role Players Limitats
2757206,T. LEONARD,3,Pivots Interiors
27573,V. ALONSO PASCUAL,2,Bases Creadors/Anotadors
2757662,G. NAPOLETANO,0,Role Players Limitats
2758563,T. ABDOULAYE,3,Pivots Interiors
2759607,R. ZEID,4,Jugadors Exteriors
2759642,C. DIOP,3,Pivots Interiors
2760349,J. TABOADA LUHERS,2,Bases Creadors/Anotadors
2761521,O. CUPAN,0,Role Players Limitats
2762403,A. LOPES MARQUES,3,Pivots Interiors
2762790,E. LIDBERG,1,Jugadors Interiors
2764643,S. BOROWSKI,1,Jugadors Interiors
2765748,F. AMBROSONI ALVAREZ,2,Bases Creadors/Anotadors
2765759,F. VERLASEVIC,4,Jugadors Exteriors
2767099,I. IAKHTNISHVILI,0,Role Players Limitats
2769152,M. KONCAR,0,Role Players Limitats
2769940,M. KONARE,3,Pivots Interiors
2772845,F. SEWRJUGIN,0,Role Players Limitats
2772925,K. BIRZNIEKS,2,Bases Creadors/Anotadors
2772927,D. LASEK,4,Jugadors Exteriors
2773470,K. FEDOROV,4,Jugadors Exteriors
2783717,W. HASSAN,1,Jugadors Interiors
2786546,M. STEFANOV,4,Jugadors Exteriors
2788578,D. DAVID ROCHA,3,Pivots Interiors
2790712,J. CAJELLI TRIVER,3,Pivots Interiors
2790843,J. SCHUTTE,1,Jugadors Interiors
2790861,A. HERMANIS,1,Jugadors Interiors
2790955,T. SAGNA,3,Pivots Interiors
2790960,S. YURCHENKO,3,Pivots Interiors
2790964,A. DINIS,3,Pivots Interiors
2791522,V. TEJADA,4,Jugadors Exteriors
2791749,M. EJUMETA BENAVENTE,3,Pivots Interiors
2793213,P. SOW,2,Bases Creadors/Anotadors
2793685,L. BUENO CASTILLO ,2,Bases Creadors/Anotadors
2794822,Y. BIOLCHINI,2,Bases Creadors/Anotadors
2795579,M. MUONEKE,2,Bases Creadors/Anotadors
2795744,S.  NDAYIZEYE GASHAHO,0,Role Players Limitats
2796609,D. ONWUKA ONWUKA,2,Bases Creadors/Anotadors
2796660,B. GUEYE,3,Pivots Interiors
2796670,R. VASILEV,4,Jugadors Exteriors
2796695,F. KONE FEZING,1,Jugadors Interiors
445487,J. HIDALGO CABRERO,0,Role Players Limitats
500395,J. LLEDO FERNANDEZ,3,Pivots Interiors
528609,J. LORENZO ARNAU,0,Role Players Limitats
568101,J. MARTIN MONZON,3,Pivots Interiors
627482,M. MOLINA CAÑAVATE,2,Bases Creadors/Anotadors
665758,O. MUÑOZ PAREDES,0,Role Players Limitats
678322,R. NGUEMA BALBOA,0,Role Players Limitats
687449,A. OCHOTORENA LABAIRU,1,Jugadors Interiors
769738,J. PONCE GONZALEZ,4,Jugadors Exteriors
814664,J. RIERA MESTRE,4,Jugadors Exteriors
826493,P. RODRIGO YANGUAS,3,Pivots Interiors
831180,J. RODRIGUEZ DIAZ,4,Jugadors Exteriors
835083,S. RODRIGUEZ GREGORIO,3,Pivots Interiors
837565,J. RODRIGUEZ MARIN,2,Bases Creadors/Anotadors
862583,M. ROZAS RAMOS,4,Jugadors Exteriors
89478,P. BAYLE MAYOR,2,Bases Creadors/Anotadors
931508,A. SEIJO RODRIGUEZ,4,Jugadors Exteriors
976736,G. TORRES CAMPS,3,Pivots Interiors
990480,A. URTASUN URIZ,2,Bases Creadors/Anotadors
990618,I. URZAINQUI ASEGUINOLAZA,0,Role Players Limitats
997403,A. VALLE VIVES,2,Bases Creadors/Anotadors
